name,yearID,G,W,L,R,AB,H,2B,3B,HR,BB,SO,SB,ER,ERA,CG,E
Atlanta Braves,1985,162,66,96,632,5526,1359,213,28,126,553,849.0,72.0,678,4.19,9,159
Baltimore Orioles,1985,161,83,78,818,5517,1451,234,22,214,604,908.0,69.0,694,4.38,32,115
Boston Red Sox,1985,163,81,81,800,5720,1615,292,31,162,562,816.0,66.0,659,4.06,35,145
California Angels,1985,162,90,72,732,5442,1364,215,31,153,648,902.0,106.0,633,3.91,22,112
Chicago White Sox,1985,163,85,77,736,5470,1386,247,37,146,471,843.0,108.0,656,4.07,20,111
Chicago Cubs,1985,162,77,84,686,5492,1397,239,28,150,562,937.0,182.0,667,4.16,20,134
Cincinnati Reds,1985,162,89,72,677,5431,1385,249,34,114,576,856.0,159.0,598,3.71,24,121
Cleveland Indians,1985,162,60,102,729,5527,1465,254,31,116,492,817.0,132.0,775,4.91,24,141
Detroit Tigers,1985,161,84,77,729,5575,1413,254,45,202,526,926.0,75.0,612,3.78,31,141
Houston Astros,1985,162,83,79,706,5582,1457,261,42,121,477,873.0,96.0,593,3.66,17,152
Kansas City Royals,1985,162,91,71,687,5500,1384,261,49,154,473,840.0,128.0,567,3.49,27,127
Los Angeles Dodgers,1985,162,95,67,682,5502,1434,226,28,129,539,846.0,136.0,482,2.96,37,166
Minnesota Twins,1985,162,77,85,705,5509,1453,282,41,141,502,779.0,68.0,710,4.48,41,120
Milwaukee Brewers,1985,161,71,90,690,5568,1467,250,44,101,462,746.0,69.0,701,4.39,34,142
Montreal Expos,1985,161,84,77,633,5429,1342,242,49,118,492,880.0,169.0,575,3.55,13,121
New York Yankees,1985,161,97,64,839,5458,1458,272,31,176,620,771.0,155.0,590,3.69,25,123
New York Mets,1985,162,98,64,695,5549,1425,239,35,134,546,872.0,117.0,514,3.11,32,115
Oakland Athletics,1985,162,77,85,757,5581,1475,230,34,155,508,861.0,117.0,712,4.41,10,140
Philadelphia Phillies,1985,162,75,87,667,5477,1343,238,47,141,527,1095.0,122.0,592,3.68,24,139
Pittsburgh Pirates,1985,161,57,104,568,5436,1340,251,28,80,514,842.0,110.0,637,3.97,15,133
San Diego Padres,1985,162,83,79,650,5507,1405,241,28,109,513,809.0,60.0,548,3.4,26,124
Seattle Mariners,1985,162,74,88,719,5521,1410,277,38,171,564,942.0,94.0,745,4.68,23,122
San Francisco Giants,1985,162,62,100,556,5420,1263,217,31,115,488,962.0,99.0,581,3.61,13,144
St. Louis Cardinals,1985,162,101,61,747,5467,1446,245,59,87,586,853.0,314.0,504,3.1,37,108
Texas Rangers,1985,161,62,99,617,5361,1359,213,41,129,530,819.0,130.0,715,4.56,18,119
Toronto Blue Jays,1985,161,99,62,759,5508,1482,281,53,158,503,807.0,144.0,533,3.31,18,125
Atlanta Braves,1986,161,72,89,615,5384,1348,241,24,138,538,904.0,93.0,628,3.97,17,141
Baltimore Orioles,1986,162,73,89,708,5524,1425,223,13,169,563,862.0,64.0,686,4.3,17,135
Boston Red Sox,1986,161,95,66,794,5498,1488,320,21,144,595,707.0,41.0,624,3.93,36,129
California Angels,1986,162,92,70,786,5433,1387,236,36,167,671,860.0,109.0,621,3.84,29,107
Chicago White Sox,1986,162,72,90,644,5406,1335,197,34,121,487,940.0,115.0,630,3.93,18,117
Chicago Cubs,1986,160,70,90,680,5499,1409,258,27,155,508,966.0,132.0,721,4.49,11,124
Cincinnati Reds,1986,162,86,76,732,5536,1404,237,35,144,586,920.0,177.0,638,3.91,14,140
Cleveland Indians,1986,163,84,78,831,5702,1620,270,45,157,456,944.0,141.0,736,4.58,31,156
Detroit Tigers,1986,162,87,75,798,5512,1447,234,30,198,613,885.0,138.0,645,4.02,33,108
Houston Astros,1986,162,96,66,654,5441,1388,244,32,125,536,916.0,163.0,510,3.15,18,130
Kansas City Royals,1986,162,76,86,654,5561,1403,264,45,137,474,919.0,97.0,611,3.82,24,123
Los Angeles Dodgers,1986,162,73,89,638,5471,1373,232,14,130,478,966.0,155.0,607,3.76,35,179
Minnesota Twins,1986,162,71,91,741,5531,1446,257,39,196,501,977.0,81.0,759,4.77,39,118
Milwaukee Brewers,1986,161,77,84,667,5461,1393,255,38,127,530,986.0,100.0,638,4.01,29,146
Montreal Expos,1986,161,78,83,637,5508,1401,255,50,110,537,1016.0,193.0,616,3.78,15,133
New York Yankees,1986,162,90,72,797,5570,1512,275,23,188,645,911.0,139.0,659,4.11,13,127
New York Mets,1986,162,108,54,783,5558,1462,261,31,148,631,968.0,118.0,513,3.11,27,138
Oakland Athletics,1986,162,76,86,731,5435,1370,213,25,163,553,983.0,139.0,686,4.31,22,135
Philadelphia Phillies,1986,161,86,75,739,5483,1386,266,39,154,589,1154.0,153.0,621,3.85,22,137
Pittsburgh Pirates,1986,162,64,98,663,5456,1366,273,33,111,569,929.0,152.0,628,3.9,17,142
San Diego Padres,1986,162,74,88,656,5515,1442,239,25,136,484,917.0,96.0,640,3.99,13,135
Seattle Mariners,1986,162,67,95,718,5498,1392,243,41,158,572,1148.0,93.0,743,4.65,33,156
San Francisco Giants,1986,162,83,79,698,5501,1394,269,29,114,536,1087.0,148.0,540,3.33,18,143
St. Louis Cardinals,1986,161,79,82,601,5378,1270,216,48,58,568,905.0,262.0,549,3.37,17,123
Texas Rangers,1986,162,87,75,771,5529,1479,248,43,184,511,1088.0,103.0,662,4.11,15,120
Toronto Blue Jays,1986,163,86,76,809,5716,1540,285,35,181,496,848.0,110.0,669,4.08,16,100
Atlanta Braves,1987,161,69,92,747,5428,1401,284,24,152,641,834.0,135.0,734,4.63,16,116
Baltimore Orioles,1987,162,67,95,729,5576,1437,219,20,211,524,939.0,69.0,801,5.01,17,109
Boston Red Sox,1987,162,78,84,842,5586,1554,273,26,174,606,825.0,77.0,761,4.77,47,110
California Angels,1987,162,75,87,770,5570,1406,257,26,172,590,926.0,125.0,709,4.38,20,117
Chicago White Sox,1987,162,77,85,748,5538,1427,283,36,173,487,971.0,138.0,691,4.3,29,115
Chicago Cubs,1987,161,76,85,720,5583,1475,244,33,209,504,1064.0,109.0,725,4.55,11,130
Cincinnati Reds,1987,162,84,78,783,5560,1478,262,29,192,514,928.0,169.0,684,4.24,7,128
Cleveland Indians,1987,162,61,101,742,5606,1476,267,30,187,489,977.0,140.0,834,5.28,24,152
Detroit Tigers,1987,162,98,64,896,5649,1535,274,32,225,653,913.0,106.0,650,4.02,33,122
Houston Astros,1987,162,76,86,648,5485,1386,238,28,122,526,936.0,162.0,615,3.84,13,115
Kansas City Royals,1987,162,83,79,715,5499,1443,239,40,168,523,1034.0,125.0,611,3.86,44,131
Los Angeles Dodgers,1987,162,73,89,635,5517,1389,236,23,125,445,923.0,128.0,601,3.72,29,155
Minnesota Twins,1987,162,85,77,786,5441,1422,258,35,196,523,898.0,113.0,734,4.63,16,98
Milwaukee Brewers,1987,162,91,71,862,5625,1552,272,46,163,598,1040.0,176.0,752,4.62,28,145
Montreal Expos,1987,162,91,71,741,5527,1467,310,39,120,501,918.0,166.0,632,3.92,16,147
New York Yankees,1987,162,89,73,788,5511,1445,239,16,196,604,949.0,105.0,701,4.36,19,102
New York Mets,1987,162,92,70,823,5601,1499,287,34,192,592,1012.0,159.0,620,3.84,16,137
Oakland Athletics,1987,162,81,81,806,5511,1432,263,33,199,593,1056.0,140.0,694,4.32,18,142
Philadelphia Phillies,1987,162,80,82,702,5475,1390,248,51,169,587,1109.0,111.0,673,4.18,13,121
Pittsburgh Pirates,1987,162,80,82,723,5536,1464,282,45,131,535,914.0,140.0,674,4.2,25,123
San Diego Padres,1987,162,65,97,668,5456,1419,209,48,113,577,992.0,198.0,680,4.27,14,146
Seattle Mariners,1987,162,78,84,760,5508,1499,282,48,161,500,863.0,174.0,713,4.49,39,121
San Francisco Giants,1987,162,90,72,783,5608,1458,274,32,205,511,1094.0,126.0,601,3.68,19,129
St. Louis Cardinals,1987,162,95,67,798,5500,1449,252,49,94,644,933.0,248.0,637,3.91,10,116
Texas Rangers,1987,162,75,87,823,5564,1478,264,35,194,567,1081.0,120.0,743,4.63,20,148
Toronto Blue Jays,1987,162,96,66,845,5635,1514,277,38,215,555,970.0,126.0,604,3.74,18,111
Atlanta Braves,1988,160,54,106,555,5440,1319,228,28,96,432,848.0,95.0,657,4.09,14,151
Baltimore Orioles,1988,161,54,107,550,5358,1275,199,20,137,504,869.0,69.0,714,4.54,20,118
Boston Red Sox,1988,162,89,73,813,5545,1569,310,39,124,623,728.0,65.0,629,3.97,26,93
California Angels,1988,162,75,87,714,5582,1458,258,31,124,469,819.0,86.0,698,4.32,26,135
Chicago White Sox,1988,161,71,90,631,5449,1327,224,35,132,446,908.0,98.0,659,4.12,11,154
Chicago Cubs,1988,163,77,85,660,5675,1481,262,46,113,403,910.0,120.0,625,3.84,30,125
Cincinnati Reds,1988,161,87,74,641,5426,1334,246,25,122,479,922.0,207.0,542,3.35,24,121
Cleveland Indians,1988,162,78,84,666,5505,1435,235,28,134,416,866.0,97.0,663,4.16,35,124
Detroit Tigers,1988,162,88,74,703,5433,1358,213,28,143,588,841.0,87.0,596,3.71,34,109
Houston Astros,1988,162,82,80,617,5494,1338,239,31,96,474,840.0,198.0,558,3.41,21,138
Kansas City Royals,1988,161,84,77,704,5469,1419,275,40,121,486,944.0,137.0,579,3.65,29,124
Los Angeles Dodgers,1988,162,94,67,628,5431,1346,217,25,99,437,947.0,131.0,481,2.96,32,142
Minnesota Twins,1988,162,91,71,759,5510,1508,294,31,151,528,832.0,107.0,625,3.93,18,83
Milwaukee Brewers,1988,162,87,75,682,5488,1409,258,26,113,439,911.0,159.0,555,3.45,30,120
Montreal Expos,1988,163,81,81,628,5573,1400,260,48,107,454,1053.0,189.0,507,3.08,18,142
New York Yankees,1988,161,85,76,772,5592,1469,272,12,148,588,935.0,146.0,689,4.26,16,134
New York Mets,1988,160,100,60,703,5408,1387,251,24,152,544,842.0,140.0,465,2.91,31,115
Oakland Athletics,1988,162,104,58,800,5602,1474,251,22,156,580,926.0,129.0,569,3.44,22,105
Philadelphia Phillies,1988,162,65,96,597,5403,1294,246,31,106,489,981.0,112.0,659,4.14,16,145
Pittsburgh Pirates,1988,160,85,75,651,5379,1327,240,45,110,553,947.0,119.0,555,3.47,12,124
San Diego Padres,1988,161,83,78,594,5366,1325,205,35,94,494,892.0,123.0,528,3.28,30,116
Seattle Mariners,1988,161,68,93,664,5436,1397,271,27,148,461,787.0,95.0,658,4.15,28,123
San Francisco Giants,1988,162,83,79,670,5450,1353,227,44,113,550,1023.0,121.0,551,3.39,25,129
St. Louis Cardinals,1988,162,76,86,578,5518,1373,207,33,71,484,827.0,234.0,567,3.47,17,121
Texas Rangers,1988,161,70,91,637,5479,1378,227,39,112,542,1022.0,130.0,647,4.05,41,129
Toronto Blue Jays,1988,162,87,75,763,5557,1491,271,47,158,521,935.0,107.0,612,3.8,16,110
Atlanta Braves,1989,161,63,97,584,5463,1281,201,22,128,485,996.0,83.0,595,3.7,15,152
Baltimore Orioles,1989,162,87,75,708,5440,1369,238,33,129,593,957.0,118.0,644,4.0,16,87
Boston Red Sox,1989,162,83,79,774,5666,1571,326,30,108,643,755.0,56.0,651,4.01,14,127
California Angels,1989,162,91,71,669,5545,1422,208,37,145,429,1011.0,89.0,530,3.28,32,96
Chicago White Sox,1989,161,69,92,693,5504,1493,262,36,94,464,873.0,97.0,668,4.23,9,151
Chicago Cubs,1989,162,93,69,702,5513,1438,235,45,124,472,921.0,136.0,556,3.43,18,119
Cincinnati Reds,1989,162,75,87,632,5520,1362,243,28,128,493,1028.0,128.0,607,3.73,16,121
Cleveland Indians,1989,162,73,89,604,5463,1340,221,26,127,499,934.0,74.0,589,3.65,23,118
Detroit Tigers,1989,162,59,103,617,5432,1315,198,24,116,585,899.0,103.0,718,4.53,24,130
Houston Astros,1989,162,86,76,647,5516,1316,239,28,97,530,860.0,144.0,598,3.64,19,140
Kansas City Royals,1989,162,92,70,690,5475,1428,227,41,101,554,897.0,154.0,572,3.55,27,111
Los Angeles Dodgers,1989,160,77,83,554,5465,1313,241,17,89,507,885.0,81.0,480,2.95,25,118
Minnesota Twins,1989,162,80,82,740,5581,1542,278,35,117,478,743.0,111.0,680,4.28,19,107
Milwaukee Brewers,1989,162,81,81,707,5473,1415,235,32,126,455,791.0,165.0,605,3.8,16,155
Montreal Expos,1989,162,81,81,632,5482,1353,267,30,100,572,958.0,160.0,568,3.48,20,136
New York Yankees,1989,161,74,87,698,5458,1470,229,23,130,502,831.0,137.0,707,4.5,15,122
New York Mets,1989,162,87,75,683,5489,1351,280,21,147,504,934.0,158.0,532,3.29,24,144
Oakland Athletics,1989,162,99,63,712,5416,1414,220,25,127,562,855.0,157.0,497,3.09,17,129
Philadelphia Phillies,1989,163,67,95,629,5447,1324,215,36,123,558,926.0,106.0,643,4.04,10,133
Pittsburgh Pirates,1989,164,74,88,637,5539,1334,263,53,95,563,914.0,155.0,601,3.64,20,160
San Diego Padres,1989,162,89,73,642,5422,1360,215,32,120,552,1013.0,136.0,547,3.38,21,152
Seattle Mariners,1989,162,73,89,694,5512,1417,237,29,134,489,838.0,81.0,639,4.0,15,143
San Francisco Giants,1989,162,92,70,699,5469,1365,241,52,141,508,1071.0,87.0,534,3.3,12,113
St. Louis Cardinals,1989,164,86,76,632,5492,1418,263,47,73,507,848.0,155.0,545,3.36,18,111
Texas Rangers,1989,162,83,79,695,5458,1433,260,46,122,503,989.0,101.0,623,3.91,26,136
Toronto Blue Jays,1989,162,89,73,731,5581,1449,265,40,142,521,923.0,144.0,584,3.58,12,126
Atlanta Braves,1990,162,65,97,682,5504,1376,263,26,162,473,1010.0,92.0,727,4.58,17,158
Baltimore Orioles,1990,161,76,85,669,5410,1328,234,22,132,660,962.0,94.0,644,4.04,10,91
Boston Red Sox,1990,162,88,74,699,5516,1502,298,31,106,598,795.0,53.0,596,3.72,15,123
California Angels,1990,162,80,82,690,5570,1448,237,27,147,566,1000.0,69.0,612,3.79,21,140
Chicago White Sox,1990,162,94,68,682,5402,1393,251,44,106,478,903.0,140.0,581,3.61,17,124
Chicago Cubs,1990,162,77,85,690,5600,1474,240,36,136,406,869.0,151.0,695,4.34,13,122
Cincinnati Reds,1990,162,91,71,693,5525,1466,284,40,125,466,913.0,166.0,548,3.39,14,102
Cleveland Indians,1990,162,77,85,732,5485,1465,266,41,110,458,836.0,107.0,675,4.26,12,117
Detroit Tigers,1990,162,79,83,750,5479,1418,241,32,172,634,952.0,82.0,698,4.39,15,131
Houston Astros,1990,162,75,87,573,5379,1301,209,32,94,548,997.0,179.0,582,3.61,12,131
Kansas City Royals,1990,161,75,86,707,5488,1465,316,44,100,498,879.0,107.0,620,3.93,18,122
Los Angeles Dodgers,1990,162,86,76,728,5491,1436,222,27,129,538,952.0,141.0,596,3.72,29,130
Minnesota Twins,1990,162,74,88,666,5499,1458,281,39,100,445,749.0,96.0,657,4.12,13,101
Milwaukee Brewers,1990,162,74,88,732,5503,1408,247,36,128,519,821.0,164.0,655,4.08,23,149
Montreal Expos,1990,162,85,77,662,5453,1363,227,43,114,576,1024.0,235.0,552,3.37,18,110
New York Yankees,1990,162,67,95,603,5483,1322,208,19,147,427,1027.0,119.0,675,4.21,15,126
New York Mets,1990,162,91,71,775,5504,1410,278,21,172,536,851.0,110.0,547,3.42,18,132
Oakland Athletics,1990,162,103,59,733,5433,1379,209,22,164,651,992.0,141.0,514,3.18,18,87
Philadelphia Phillies,1990,162,77,85,646,5535,1410,237,27,103,582,915.0,108.0,655,4.07,18,117
Pittsburgh Pirates,1990,162,95,67,733,5388,1395,288,42,138,582,914.0,137.0,547,3.4,18,134
San Diego Padres,1990,162,75,87,673,5554,1429,243,35,123,509,902.0,138.0,597,3.68,21,141
Seattle Mariners,1990,162,77,85,640,5474,1419,251,26,107,596,749.0,105.0,592,3.69,21,130
San Francisco Giants,1990,162,85,77,719,5573,1459,221,35,152,488,973.0,109.0,656,4.08,14,107
St. Louis Cardinals,1990,162,70,92,599,5462,1398,255,41,73,517,844.0,221.0,620,3.87,8,129
Texas Rangers,1990,162,83,79,676,5469,1416,257,27,110,575,1054.0,115.0,615,3.83,25,133
Toronto Blue Jays,1990,162,86,76,767,5589,1479,263,50,167,526,970.0,111.0,620,3.84,6,86
Atlanta Braves,1991,162,94,68,749,5456,1407,255,30,141,563,906.0,165.0,563,3.49,18,138
Baltimore Orioles,1991,162,67,95,686,5604,1421,256,29,170,528,974.0,50.0,743,4.59,8,89
Boston Red Sox,1991,162,84,78,731,5530,1486,305,25,126,593,820.0,59.0,641,4.01,15,116
California Angels,1991,162,81,81,653,5470,1396,245,29,115,448,928.0,94.0,591,3.69,18,102
Chicago White Sox,1991,162,87,75,758,5594,1464,226,39,139,610,896.0,134.0,622,3.79,28,116
Chicago Cubs,1991,160,77,83,695,5522,1395,232,26,159,442,879.0,123.0,652,4.03,12,113
Cincinnati Reds,1991,162,74,88,689,5501,1419,250,27,164,488,1006.0,124.0,613,3.83,7,125
Cleveland Indians,1991,162,57,105,576,5470,1390,236,26,79,449,888.0,84.0,677,4.23,22,142
Detroit Tigers,1991,162,84,78,817,5547,1372,259,26,209,699,1185.0,109.0,727,4.51,18,104
Houston Astros,1991,162,65,97,605,5504,1345,240,43,79,502,1027.0,125.0,646,4.0,7,161
Kansas City Royals,1991,162,82,80,727,5584,1475,290,41,117,523,969.0,119.0,639,3.92,17,125
Los Angeles Dodgers,1991,162,93,69,665,5408,1366,191,29,108,583,957.0,126.0,496,3.06,15,123
Minnesota Twins,1991,162,95,67,776,5556,1557,270,42,140,526,747.0,107.0,594,3.69,21,94
Milwaukee Brewers,1991,162,83,79,799,5611,1523,247,53,116,556,802.0,106.0,673,4.14,23,118
Montreal Expos,1991,161,71,90,579,5412,1329,236,42,95,484,1056.0,221.0,582,3.64,12,131
New York Yankees,1991,162,71,91,674,5541,1418,249,19,147,473,861.0,109.0,709,4.42,3,133
New York Mets,1991,161,77,84,640,5359,1305,250,24,117,578,789.0,153.0,568,3.56,12,143
Oakland Athletics,1991,162,84,78,760,5410,1342,246,19,159,642,981.0,151.0,733,4.57,14,107
Philadelphia Phillies,1991,162,78,84,629,5521,1332,248,33,111,490,1026.0,92.0,627,3.86,16,116
Pittsburgh Pirates,1991,162,98,64,768,5449,1433,259,50,126,620,901.0,124.0,557,3.44,18,120
San Diego Padres,1991,162,84,78,636,5408,1321,204,36,121,501,1069.0,101.0,576,3.57,14,113
Seattle Mariners,1991,162,83,79,702,5494,1400,268,29,126,588,811.0,97.0,617,3.79,10,110
San Francisco Giants,1991,162,75,87,649,5463,1345,215,48,141,471,973.0,95.0,646,4.03,10,108
St. Louis Cardinals,1991,162,84,78,651,5362,1366,239,53,68,532,857.0,202.0,588,3.69,9,105
Texas Rangers,1991,162,85,77,829,5703,1539,288,31,177,596,1039.0,102.0,735,4.47,9,134
Toronto Blue Jays,1991,162,91,71,684,5489,1412,295,45,133,499,1043.0,148.0,569,3.5,10,127
Atlanta Braves,1992,162,98,64,682,5480,1391,223,48,138,493,924.0,126.0,509,3.14,26,109
Baltimore Orioles,1992,162,89,73,705,5485,1423,243,36,148,647,827.0,89.0,617,3.79,20,93
Boston Red Sox,1992,162,73,89,599,5461,1343,259,21,84,591,865.0,44.0,576,3.58,22,139
California Angels,1992,162,72,90,579,5364,1306,202,20,88,416,882.0,160.0,617,3.84,26,134
Chicago White Sox,1992,162,86,76,738,5498,1434,269,36,110,622,784.0,160.0,620,3.82,21,129
Chicago Cubs,1992,162,78,84,593,5590,1420,221,41,104,417,816.0,77.0,553,3.39,16,114
Cincinnati Reds,1992,162,90,72,660,5460,1418,281,44,99,563,888.0,125.0,557,3.46,9,96
Cleveland Indians,1992,162,76,86,674,5620,1495,227,24,127,448,885.0,144.0,671,4.11,13,141
Detroit Tigers,1992,162,75,87,791,5515,1411,256,16,182,675,1055.0,66.0,733,4.6,10,116
Houston Astros,1992,162,81,81,608,5480,1350,255,38,96,506,1025.0,139.0,603,3.72,5,112
Kansas City Royals,1992,162,72,90,610,5501,1411,284,42,75,439,741.0,131.0,613,3.81,9,122
Los Angeles Dodgers,1992,162,63,99,548,5368,1333,201,34,72,503,899.0,142.0,545,3.41,18,173
Minnesota Twins,1992,162,90,72,747,5582,1544,275,27,104,527,834.0,123.0,597,3.7,16,94
Milwaukee Brewers,1992,162,92,70,740,5504,1477,272,35,82,511,779.0,256.0,555,3.43,19,89
Montreal Expos,1992,162,87,75,648,5477,1381,263,37,102,463,976.0,196.0,530,3.25,11,124
New York Yankees,1992,162,76,86,733,5593,1462,281,18,163,536,903.0,78.0,679,4.21,20,112
New York Mets,1992,162,72,90,599,5340,1254,259,17,93,572,956.0,129.0,588,3.66,17,116
Oakland Athletics,1992,162,96,66,745,5387,1389,219,24,142,707,831.0,143.0,600,3.73,8,125
Philadelphia Phillies,1992,162,70,92,686,5500,1392,255,36,118,509,1059.0,127.0,652,4.11,27,131
Pittsburgh Pirates,1992,162,96,66,693,5527,1409,272,54,106,569,872.0,110.0,551,3.35,20,101
San Diego Padres,1992,162,82,80,617,5476,1396,255,30,135,453,864.0,69.0,578,3.56,9,115
Seattle Mariners,1992,162,64,98,679,5564,1466,278,24,149,474,841.0,100.0,731,4.55,21,112
San Francisco Giants,1992,162,72,90,574,5456,1330,220,36,105,435,1067.0,112.0,586,3.61,9,111
St. Louis Cardinals,1992,162,83,79,631,5594,1464,262,44,94,495,996.0,208.0,556,3.38,10,91
Texas Rangers,1992,162,77,85,682,5537,1387,266,23,159,550,1036.0,81.0,663,4.09,19,153
Toronto Blue Jays,1992,162,96,66,780,5536,1458,265,40,163,561,933.0,129.0,626,3.91,18,93
Atlanta Braves,1993,162,104,58,767,5515,1444,239,29,169,560,946.0,125.0,508,3.14,18,108
Baltimore Orioles,1993,162,85,77,786,5508,1470,287,24,157,655,930.0,73.0,691,4.31,21,100
Boston Red Sox,1993,162,80,82,686,5496,1451,319,29,114,508,871.0,73.0,608,3.77,9,122
California Angels,1993,162,71,91,684,5391,1399,259,24,114,564,930.0,169.0,690,4.34,26,120
Chicago White Sox,1993,162,94,68,776,5483,1454,228,44,162,604,834.0,106.0,598,3.7,16,112
Chicago Cubs,1993,163,84,78,738,5627,1521,259,32,161,446,923.0,100.0,673,4.18,8,115
Cincinnati Reds,1993,162,73,89,722,5517,1457,261,28,137,485,1025.0,142.0,719,4.51,11,120
Cleveland Indians,1993,162,76,86,790,5619,1547,264,31,141,488,843.0,159.0,735,4.58,7,148
Colorado Rockies,1993,162,67,95,758,5517,1507,278,59,142,388,944.0,146.0,860,5.41,9,167
Detroit Tigers,1993,162,85,77,899,5620,1546,282,38,178,765,1122.0,104.0,742,4.65,11,132
Florida Marlins,1993,162,64,98,581,5475,1356,197,31,94,498,1054.0,117.0,661,4.13,4,122
Houston Astros,1993,162,85,77,716,5464,1459,288,37,138,497,911.0,103.0,559,3.49,18,125
Kansas City Royals,1993,162,84,78,675,5522,1455,294,35,125,428,936.0,100.0,649,4.04,16,96
Los Angeles Dodgers,1993,162,81,81,675,5588,1458,234,28,130,492,937.0,126.0,572,3.5,17,132
Minnesota Twins,1993,162,71,91,693,5601,1480,261,27,121,493,850.0,83.0,756,4.71,5,100
Milwaukee Brewers,1993,162,69,93,733,5525,1426,240,25,125,555,932.0,138.0,715,4.45,26,131
Montreal Expos,1993,163,94,68,732,5493,1410,270,36,122,542,860.0,228.0,574,3.55,8,159
New York Yankees,1993,162,88,74,821,5615,1568,294,24,178,629,910.0,39.0,695,4.35,11,101
New York Mets,1993,162,59,103,672,5448,1350,228,37,158,448,879.0,79.0,647,4.05,16,156
Oakland Athletics,1993,162,68,94,715,5543,1408,260,21,158,622,1048.0,131.0,791,4.9,8,111
Philadelphia Phillies,1993,162,97,65,877,5685,1555,297,51,156,665,1049.0,91.0,646,3.95,24,141
Pittsburgh Pirates,1993,162,75,87,707,5549,1482,267,50,110,536,972.0,92.0,766,4.77,12,105
San Diego Padres,1993,162,61,101,679,5503,1386,239,28,153,443,1046.0,92.0,675,4.23,8,160
Seattle Mariners,1993,162,82,80,734,5494,1429,272,24,161,624,901.0,91.0,678,4.2,22,90
San Francisco Giants,1993,162,103,59,808,5557,1534,269,33,168,516,930.0,120.0,584,3.61,4,101
St. Louis Cardinals,1993,162,87,75,758,5551,1508,262,34,118,588,882.0,153.0,660,4.09,5,159
Texas Rangers,1993,162,86,76,835,5510,1472,284,39,181,483,984.0,113.0,684,4.28,20,130
Toronto Blue Jays,1993,162,95,67,847,5579,1556,317,42,159,588,861.0,170.0,674,4.21,11,107
Atlanta Braves,1994,114,68,46,542,3861,1031,198,18,137,377,668.0,48.0,407,3.57,16,81
Baltimore Orioles,1994,112,63,49,589,3856,1047,185,20,139,438,655.0,69.0,477,4.31,13,57
Boston Red Sox,1994,115,54,61,552,3940,1038,222,19,120,404,723.0,81.0,564,4.93,6,81
California Angels,1994,115,47,68,543,3943,1042,178,16,120,402,715.0,65.0,618,5.42,11,76
Chicago White Sox,1994,113,67,46,633,3942,1133,175,39,121,497,568.0,77.0,444,3.95,13,79
Chicago Cubs,1994,113,49,64,500,3918,1015,189,26,109,364,750.0,69.0,508,4.47,5,81
Cincinnati Reds,1994,115,66,48,609,3999,1142,211,36,124,388,738.0,119.0,436,3.78,6,73
Cleveland Indians,1994,113,66,47,679,4022,1165,240,20,167,382,629.0,131.0,493,4.36,17,90
Colorado Rockies,1994,117,53,64,573,4006,1098,206,39,125,378,761.0,91.0,590,5.15,4,84
Detroit Tigers,1994,115,53,62,652,3955,1048,216,25,161,520,897.0,46.0,609,5.38,15,82
Florida Marlins,1994,115,51,64,468,3926,1043,180,24,94,349,746.0,65.0,508,4.5,5,95
Houston Astros,1994,115,66,49,602,3955,1099,252,25,120,394,718.0,124.0,454,3.97,9,72
Kansas City Royals,1994,115,64,51,574,3911,1051,211,38,100,376,698.0,140.0,485,4.23,5,80
Los Angeles Dodgers,1994,114,58,56,532,3904,1055,160,29,115,366,687.0,74.0,477,4.23,14,88
Minnesota Twins,1994,113,53,60,594,3952,1092,239,23,103,359,635.0,94.0,634,5.68,6,75
Milwaukee Brewers,1994,115,53,62,547,3978,1045,238,21,99,417,680.0,59.0,532,4.62,11,85
Montreal Expos,1994,114,74,40,585,4000,1111,246,30,108,379,669.0,137.0,410,3.56,4,94
New York Yankees,1994,113,70,43,670,3986,1155,238,16,139,530,660.0,55.0,491,4.34,8,80
New York Mets,1994,113,55,58,506,3869,966,164,21,117,336,807.0,25.0,469,4.13,7,89
Oakland Athletics,1994,114,51,63,549,3885,1009,178,13,113,417,686.0,91.0,537,4.82,12,88
Philadelphia Phillies,1994,115,54,61,521,3927,1028,208,28,80,396,711.0,67.0,438,3.85,7,94
Pittsburgh Pirates,1994,114,53,61,466,3864,1001,198,23,80,349,725.0,53.0,518,4.64,8,89
San Diego Padres,1994,117,47,70,479,4068,1117,200,19,92,319,762.0,79.0,474,4.08,8,111
Seattle Mariners,1994,112,49,63,569,3883,1045,211,18,153,372,652.0,48.0,546,4.99,13,95
San Francisco Giants,1994,115,55,60,504,3869,963,159,32,123,364,719.0,114.0,454,3.99,2,68
St. Louis Cardinals,1994,115,53,61,535,3902,1026,213,27,108,434,686.0,76.0,581,5.14,7,80
Texas Rangers,1994,114,52,62,613,3983,1114,198,27,124,437,730.0,82.0,619,5.45,10,105
Toronto Blue Jays,1994,115,55,60,566,3962,1064,210,30,115,387,691.0,79.0,535,4.7,13,80
Atlanta Braves,1995,144,90,54,645,4814,1202,210,27,168,520,933.0,73.0,493,3.44,18,100
Baltimore Orioles,1995,144,71,73,704,4837,1267,229,27,173,574,803.0,92.0,607,4.31,19,72
Boston Red Sox,1995,144,86,58,791,4997,1399,286,31,175,560,923.0,99.0,630,4.39,7,120
California Angels,1995,145,78,67,801,5019,1390,252,25,186,564,889.0,58.0,645,4.52,8,95
Chicago White Sox,1995,145,68,76,755,5060,1417,252,37,146,576,767.0,110.0,692,4.85,12,108
Chicago Cubs,1995,144,73,71,693,4963,1315,267,39,158,440,953.0,105.0,597,4.13,6,115
Cincinnati Reds,1995,144,85,59,747,4903,1326,277,35,161,519,946.0,190.0,577,4.03,8,79
Cleveland Indians,1995,144,100,44,840,5028,1461,279,23,207,542,766.0,132.0,554,3.83,10,101
Colorado Rockies,1995,144,77,67,785,4994,1406,259,43,200,484,943.0,125.0,711,4.97,1,107
Detroit Tigers,1995,144,60,84,654,4865,1204,228,29,159,551,987.0,73.0,778,5.49,5,106
Florida Marlins,1995,143,67,76,673,4886,1278,214,29,144,517,916.0,131.0,610,4.27,12,115
Houston Astros,1995,144,76,68,747,5097,1403,260,22,109,566,992.0,176.0,595,4.06,6,121
Kansas City Royals,1995,144,70,74,629,4903,1275,240,35,119,475,849.0,120.0,643,4.49,11,90
Los Angeles Dodgers,1995,144,78,66,634,4942,1303,191,31,140,468,1023.0,127.0,527,3.66,16,130
Minnesota Twins,1995,144,56,88,703,5005,1398,270,34,120,471,916.0,105.0,814,5.76,7,100
Milwaukee Brewers,1995,144,65,79,740,5000,1329,249,42,128,502,800.0,105.0,689,4.82,7,105
Montreal Expos,1995,144,66,78,621,4905,1268,265,24,118,400,901.0,120.0,586,4.11,7,109
New York Yankees,1995,145,79,65,749,4947,1365,280,34,122,625,851.0,50.0,651,4.56,18,73
New York Mets,1995,144,69,75,657,4958,1323,218,34,125,446,994.0,58.0,557,3.88,9,115
Oakland Athletics,1995,144,67,77,730,4916,1296,228,18,169,565,911.0,112.0,697,4.93,8,101
Philadelphia Phillies,1995,144,69,75,615,4950,1296,263,30,94,497,884.0,72.0,603,4.21,8,96
Pittsburgh Pirates,1995,144,58,86,629,4937,1281,245,27,125,456,972.0,84.0,666,4.7,11,121
San Diego Padres,1995,144,70,74,668,4950,1345,231,20,116,447,872.0,124.0,589,4.13,6,108
Seattle Mariners,1995,145,79,66,796,4996,1377,276,20,182,549,871.0,110.0,644,4.5,9,104
San Francisco Giants,1995,144,67,77,652,4971,1256,229,33,152,472,1060.0,138.0,698,4.86,12,106
St. Louis Cardinals,1995,143,62,81,563,4779,1182,238,24,107,436,920.0,79.0,575,4.09,4,113
Texas Rangers,1995,144,74,70,691,4913,1304,247,24,138,526,877.0,90.0,665,4.66,14,98
Toronto Blue Jays,1995,144,56,88,642,5036,1309,275,27,140,492,906.0,75.0,701,4.88,16,97
Atlanta Braves,1996,162,96,66,773,5614,1514,264,28,197,530,1032.0,83.0,578,3.54,14,130
Baltimore Orioles,1996,163,88,74,949,5689,1557,299,29,257,645,915.0,76.0,840,5.15,13,97
Boston Red Sox,1996,162,85,77,928,5756,1631,308,31,209,642,1020.0,91.0,810,5.0,17,135
California Angels,1996,161,70,91,762,5686,1571,256,24,192,527,974.0,53.0,849,5.31,12,128
Chicago White Sox,1996,162,85,77,898,5644,1586,284,33,195,701,927.0,105.0,735,4.53,7,109
Chicago Cubs,1996,162,76,86,772,5531,1388,267,19,175,523,1090.0,108.0,705,4.36,10,104
Cincinnati Reds,1996,162,81,81,778,5455,1398,259,36,191,604,1134.0,171.0,694,4.33,6,121
Cleveland Indians,1996,161,99,62,952,5681,1665,335,23,218,671,844.0,160.0,702,4.35,13,124
Colorado Rockies,1996,162,83,79,961,5590,1607,297,37,221,527,1108.0,201.0,885,5.6,5,149
Detroit Tigers,1996,162,53,109,783,5530,1413,257,21,204,546,1268.0,87.0,1015,6.38,10,135
Florida Marlins,1996,162,80,82,688,5498,1413,240,30,150,553,1122.0,99.0,633,3.95,8,111
Houston Astros,1996,162,82,80,753,5508,1445,297,29,129,554,1057.0,180.0,704,4.38,13,138
Kansas City Royals,1996,161,75,86,746,5542,1477,286,38,123,529,943.0,195.0,733,4.55,17,111
Los Angeles Dodgers,1996,162,90,72,703,5538,1396,215,33,150,516,1190.0,124.0,567,3.48,6,125
Minnesota Twins,1996,162,78,84,877,5673,1633,332,47,118,576,958.0,143.0,847,5.3,13,94
Milwaukee Brewers,1996,162,80,82,894,5662,1578,304,40,178,624,986.0,101.0,831,5.17,6,134
Montreal Expos,1996,162,88,74,741,5505,1441,297,27,148,492,1077.0,108.0,605,3.78,11,126
New York Yankees,1996,162,92,70,871,5628,1621,293,28,162,632,909.0,96.0,744,4.65,6,91
New York Mets,1996,162,71,91,746,5618,1515,267,47,147,445,1069.0,97.0,675,4.22,10,157
Oakland Athletics,1996,162,78,84,861,5630,1492,283,21,243,640,1114.0,58.0,841,5.2,7,102
Philadelphia Phillies,1996,162,67,95,650,5499,1405,249,39,132,536,1092.0,117.0,710,4.49,12,115
Pittsburgh Pirates,1996,162,73,89,776,5665,1509,319,33,138,510,989.0,126.0,750,4.64,5,128
San Diego Padres,1996,162,91,71,771,5655,1499,285,24,147,601,1014.0,109.0,617,3.73,5,118
Seattle Mariners,1996,161,85,76,993,5668,1625,343,19,245,670,1052.0,90.0,828,5.21,4,110
San Francisco Giants,1996,162,68,94,752,5533,1400,245,21,153,615,1189.0,113.0,756,4.72,9,134
St. Louis Cardinals,1996,162,88,74,759,5502,1468,281,31,142,495,1089.0,149.0,642,3.98,13,125
Texas Rangers,1996,163,90,72,928,5702,1622,323,32,221,660,1041.0,83.0,750,4.66,19,87
Toronto Blue Jays,1996,162,74,88,766,5599,1451,302,35,177,529,1105.0,116.0,735,4.58,19,110
Anaheim Angels,1997,162,84,78,829,5628,1531,279,25,161,617,953.0,126.0,730,4.52,9,126
Atlanta Braves,1997,162,101,61,791,5528,1490,268,37,174,597,1160.0,108.0,518,3.18,21,114
Baltimore Orioles,1997,162,98,64,812,5584,1498,264,22,196,586,952.0,63.0,635,3.91,8,97
Boston Red Sox,1997,162,78,84,851,5781,1684,373,32,185,514,1044.0,68.0,785,4.87,7,136
Chicago White Sox,1997,161,80,81,779,5491,1498,260,28,158,569,901.0,106.0,749,4.74,6,125
Chicago Cubs,1997,162,68,94,687,5489,1444,269,39,127,451,1003.0,116.0,705,4.44,6,115
Cincinnati Reds,1997,162,76,86,651,5484,1386,269,27,142,518,1113.0,190.0,712,4.42,5,106
Cleveland Indians,1997,161,86,75,868,5556,1589,301,22,220,617,955.0,118.0,749,4.73,4,108
Colorado Rockies,1997,162,83,79,923,5603,1611,269,40,239,562,1060.0,137.0,835,5.25,9,111
Detroit Tigers,1997,162,79,83,784,5481,1415,268,32,176,578,1164.0,161.0,732,4.56,13,91
Florida Marlins,1997,162,92,70,740,5439,1410,272,28,136,686,1074.0,115.0,615,3.83,12,119
Houston Astros,1997,162,84,78,777,5502,1427,314,40,133,633,1085.0,171.0,595,3.67,16,131
Kansas City Royals,1997,161,67,94,747,5599,1478,256,35,158,561,1061.0,130.0,755,4.71,11,88
Los Angeles Dodgers,1997,162,88,74,742,5544,1488,242,33,174,498,1079.0,131.0,588,3.63,6,116
Minnesota Twins,1997,162,68,94,772,5634,1522,305,40,132,495,1121.0,151.0,800,5.02,10,100
Milwaukee Brewers,1997,161,78,83,681,5444,1415,294,27,135,494,967.0,103.0,670,4.22,6,125
Montreal Expos,1997,162,78,84,691,5526,1423,339,34,172,420,1084.0,75.0,666,4.14,27,131
New York Yankees,1997,162,96,66,891,5710,1636,325,23,161,676,954.0,99.0,626,3.84,11,105
New York Mets,1997,162,88,74,777,5524,1448,274,28,153,550,1029.0,97.0,640,3.95,7,117
Oakland Athletics,1997,162,65,97,764,5589,1451,274,23,197,642,1181.0,71.0,881,5.49,2,121
Philadelphia Phillies,1997,162,68,94,668,5443,1390,290,35,116,519,1032.0,92.0,768,4.87,13,105
Pittsburgh Pirates,1997,162,79,83,725,5503,1440,291,52,129,481,1161.0,160.0,683,4.28,6,131
San Diego Padres,1997,162,76,86,795,5609,1519,275,16,152,604,1129.0,140.0,804,4.99,5,125
Seattle Mariners,1997,162,90,72,925,5614,1574,312,21,264,626,1110.0,89.0,770,4.79,9,123
San Francisco Giants,1997,162,90,72,784,5485,1415,266,37,172,642,1120.0,121.0,709,4.41,5,120
St. Louis Cardinals,1997,162,73,89,689,5524,1409,269,39,144,543,1191.0,164.0,631,3.9,5,123
Texas Rangers,1997,162,77,85,807,5651,1547,311,27,187,500,1116.0,72.0,744,4.68,8,122
Toronto Blue Jays,1997,162,76,86,654,5473,1333,275,41,147,487,1138.0,134.0,628,3.92,19,97
Anaheim Angels,1998,162,85,77,787,5630,1530,314,27,147,510,1028.0,93.0,720,4.49,3,106
Arizona Diamondbacks,1998,162,65,97,665,5491,1353,235,46,159,489,1239.0,73.0,738,4.64,7,100
Atlanta Braves,1998,162,106,56,826,5484,1489,297,26,215,548,1062.0,98.0,519,3.25,24,91
Baltimore Orioles,1998,162,79,83,817,5565,1520,303,11,214,593,903.0,86.0,752,4.73,16,81
Boston Red Sox,1998,162,92,70,876,5601,1568,338,35,205,541,1049.0,72.0,669,4.19,5,105
Chicago White Sox,1998,163,80,82,861,5585,1516,291,38,198,551,916.0,127.0,837,5.24,8,140
Chicago Cubs,1998,163,90,73,831,5649,1494,250,34,212,601,1223.0,65.0,739,4.5,7,101
Cincinnati Reds,1998,162,77,85,750,5496,1441,298,28,138,608,1107.0,95.0,711,4.44,6,122
Cleveland Indians,1998,162,89,73,850,5616,1530,334,30,198,630,1061.0,143.0,722,4.45,9,110
Colorado Rockies,1998,162,77,85,826,5632,1640,333,36,183,469,949.0,67.0,796,5.0,9,102
Detroit Tigers,1998,162,65,97,722,5664,1494,306,29,165,455,1070.0,122.0,792,4.93,9,115
Florida Marlins,1998,162,54,108,667,5558,1381,277,36,114,525,1120.0,115.0,837,5.2,11,129
Houston Astros,1998,162,102,60,874,5641,1578,326,28,166,621,1122.0,155.0,572,3.5,12,108
Kansas City Royals,1998,161,72,89,714,5546,1459,274,40,134,475,984.0,135.0,823,5.16,6,125
Los Angeles Dodgers,1998,162,83,79,669,5459,1374,209,27,159,447,1056.0,137.0,613,3.81,16,134
Milwaukee Brewers,1998,162,74,88,707,5541,1439,266,17,152,532,1039.0,81.0,746,4.63,2,110
Minnesota Twins,1998,162,70,92,734,5641,1499,285,32,115,506,915.0,112.0,765,4.76,7,108
Montreal Expos,1998,162,65,97,644,5418,1348,280,32,147,439,1058.0,91.0,696,4.39,4,155
New York Yankees,1998,162,114,48,965,5643,1625,290,31,207,653,1025.0,153.0,618,3.82,22,98
New York Mets,1998,162,88,74,706,5510,1425,289,24,136,572,1049.0,62.0,611,3.77,9,101
Oakland Athletics,1998,162,74,88,804,5490,1413,295,13,149,633,1122.0,131.0,770,4.83,12,141
Philadelphia Phillies,1998,162,75,87,713,5617,1482,286,36,126,508,1080.0,97.0,754,4.64,21,110
Pittsburgh Pirates,1998,163,69,93,650,5493,1395,271,35,107,393,1060.0,159.0,630,3.91,7,140
San Diego Padres,1998,162,98,64,749,5490,1390,292,30,167,604,1072.0,79.0,587,3.63,14,104
Seattle Mariners,1998,161,76,85,859,5628,1553,321,28,234,558,1081.0,115.0,783,4.95,17,125
San Francisco Giants,1998,163,89,74,845,5628,1540,292,26,161,678,1040.0,102.0,688,4.19,6,101
St. Louis Cardinals,1998,163,83,79,810,5593,1444,292,30,223,676,1179.0,133.0,705,4.32,6,142
Tampa Bay Devil Rays,1998,162,63,99,620,5555,1450,267,43,111,473,1107.0,120.0,697,4.35,7,94
Texas Rangers,1998,162,88,74,940,5672,1637,314,32,201,595,1045.0,82.0,795,5.0,10,122
Toronto Blue Jays,1998,163,88,74,816,5580,1482,316,19,221,564,1132.0,184.0,698,4.29,10,125
Anaheim Angels,1999,162,70,92,711,5494,1404,248,22,158,511,1022.0,71.0,762,4.79,4,106
Arizona Diamondbacks,1999,162,100,62,908,5658,1566,289,46,216,588,1045.0,137.0,615,3.77,16,104
Atlanta Braves,1999,162,103,59,840,5569,1481,309,23,197,608,962.0,148.0,593,3.63,9,111
Baltimore Orioles,1999,162,78,84,851,5637,1572,299,21,203,615,890.0,107.0,761,4.77,17,89
Boston Red Sox,1999,162,94,68,836,5579,1551,334,42,176,597,928.0,67.0,638,4.0,6,127
Chicago White Sox,1999,162,75,86,777,5644,1563,298,37,162,499,810.0,110.0,786,4.92,6,136
Chicago Cubs,1999,162,67,95,747,5482,1411,255,35,189,571,1170.0,60.0,837,5.27,11,139
Cincinnati Reds,1999,163,96,67,865,5649,1536,312,37,209,569,1125.0,164.0,648,3.99,6,105
Cleveland Indians,1999,162,97,65,1009,5634,1629,309,32,209,743,1099.0,147.0,789,4.9,3,106
Colorado Rockies,1999,162,72,90,906,5716,1644,305,39,223,508,863.0,70.0,955,6.02,12,118
Detroit Tigers,1999,161,69,92,747,5481,1433,289,34,212,458,1049.0,108.0,817,5.18,4,106
Florida Marlins,1999,162,64,98,691,5578,1465,266,44,128,479,1145.0,92.0,781,4.9,6,127
Houston Astros,1999,162,97,65,823,5485,1463,293,23,168,728,1138.0,166.0,622,3.84,12,106
Kansas City Royals,1999,161,64,97,856,5624,1584,294,52,151,535,932.0,127.0,844,5.35,11,125
Los Angeles Dodgers,1999,162,77,85,793,5567,1480,253,23,187,594,1030.0,167.0,718,4.45,8,137
Milwaukee Brewers,1999,161,74,87,815,5582,1524,299,30,165,658,1065.0,81.0,812,5.07,2,127
Minnesota Twins,1999,161,63,97,686,5495,1450,285,30,105,500,978.0,118.0,794,5.02,12,92
Montreal Expos,1999,162,68,94,718,5559,1473,320,47,163,438,939.0,70.0,747,4.69,6,160
New York Yankees,1999,162,98,64,900,5568,1568,302,36,193,718,978.0,104.0,660,4.13,6,111
New York Mets,1999,163,97,66,853,5572,1553,297,14,181,717,994.0,150.0,691,4.27,5,68
Oakland Athletics,1999,162,87,75,893,5519,1430,287,20,235,770,1129.0,70.0,749,4.69,6,122
Philadelphia Phillies,1999,162,77,85,841,5598,1539,302,44,161,631,1081.0,125.0,788,4.93,11,100
Pittsburgh Pirates,1999,161,78,83,775,5468,1417,282,40,171,573,1197.0,112.0,689,4.33,8,147
San Diego Padres,1999,162,74,88,710,5394,1360,256,22,153,631,1169.0,174.0,705,4.47,5,129
Seattle Mariners,1999,162,79,83,859,5572,1499,263,21,244,610,1095.0,130.0,834,5.24,7,113
San Francisco Giants,1999,162,86,76,872,5563,1507,307,18,188,696,1028.0,109.0,762,4.71,6,105
St. Louis Cardinals,1999,161,75,86,809,5570,1461,274,27,194,613,1202.0,134.0,761,4.74,5,132
Tampa Bay Devil Rays,1999,162,69,93,772,5586,1531,272,29,145,544,1042.0,73.0,805,5.06,6,135
Texas Rangers,1999,162,95,67,945,5651,1653,304,29,230,611,937.0,111.0,809,5.07,6,119
Toronto Blue Jays,1999,162,84,78,883,5642,1580,337,14,212,578,1077.0,119.0,786,4.92,14,106
Anaheim Angels,2000,162,82,80,864,5628,1574,309,34,236,608,1024.0,93.0,805,5.0,5,134
Arizona Diamondbacks,2000,162,85,77,792,5527,1466,282,44,179,535,975.0,97.0,698,4.35,16,107
Atlanta Braves,2000,162,95,67,810,5489,1490,274,26,179,595,1010.0,148.0,648,4.05,13,129
Baltimore Orioles,2000,162,74,88,794,5549,1508,310,22,184,558,900.0,126.0,855,5.37,14,116
Boston Red Sox,2000,162,85,77,792,5630,1503,316,32,167,611,1019.0,43.0,683,4.23,7,109
Chicago White Sox,2000,162,95,67,978,5646,1615,325,33,216,591,960.0,119.0,751,4.66,5,133
Chicago Cubs,2000,162,65,97,764,5577,1426,272,23,183,632,1120.0,93.0,849,5.25,10,100
Cincinnati Reds,2000,163,85,77,825,5635,1545,302,36,200,559,995.0,100.0,700,4.33,8,111
Cleveland Indians,2000,162,90,72,950,5683,1639,310,30,221,685,1057.0,113.0,775,4.84,6,72
Colorado Rockies,2000,162,82,80,968,5660,1664,320,53,161,601,907.0,131.0,835,5.26,7,94
Detroit Tigers,2000,162,79,83,823,5644,1553,307,41,177,562,982.0,83.0,755,4.71,6,105
Florida Marlins,2000,161,79,82,731,5509,1441,274,29,160,540,1184.0,168.0,729,4.59,5,125
Houston Astros,2000,162,72,90,938,5570,1547,289,36,249,673,1129.0,114.0,865,5.42,8,133
Kansas City Royals,2000,162,77,85,879,5709,1644,281,27,150,511,840.0,121.0,876,5.48,10,102
Los Angeles Dodgers,2000,162,86,76,798,5481,1408,265,28,211,668,1083.0,95.0,659,4.1,9,135
Milwaukee Brewers,2000,163,73,89,740,5563,1366,297,25,177,620,1245.0,72.0,755,4.63,2,118
Minnesota Twins,2000,162,69,93,748,5615,1516,325,49,116,556,1021.0,90.0,819,5.14,6,102
Montreal Expos,2000,162,67,95,738,5535,1475,310,35,178,476,1048.0,58.0,812,5.13,4,132
New York Yankees,2000,161,87,74,871,5556,1541,294,25,205,631,1007.0,99.0,753,4.76,9,109
New York Mets,2000,162,94,68,807,5486,1445,281,20,198,675,1037.0,66.0,670,4.16,8,118
Oakland Athletics,2000,161,91,70,947,5560,1501,281,23,239,750,1159.0,40.0,730,4.58,7,134
Philadelphia Phillies,2000,162,65,97,708,5511,1386,304,40,144,611,1117.0,102.0,763,4.77,8,100
Pittsburgh Pirates,2000,162,69,93,793,5643,1506,320,31,168,564,1032.0,86.0,795,4.94,5,132
San Diego Padres,2000,162,76,86,752,5560,1413,279,37,157,602,1177.0,131.0,733,4.52,5,141
Seattle Mariners,2000,162,91,71,907,5497,1481,300,26,198,775,1073.0,122.0,720,4.49,4,99
San Francisco Giants,2000,162,97,65,925,5519,1535,304,44,226,709,1032.0,79.0,675,4.21,9,93
St. Louis Cardinals,2000,162,95,67,887,5478,1481,259,25,235,675,1253.0,87.0,698,4.38,10,111
Tampa Bay Devil Rays,2000,161,69,92,733,5505,1414,253,22,162,558,1022.0,90.0,773,4.86,10,118
Texas Rangers,2000,162,71,91,848,5648,1601,330,35,173,580,922.0,69.0,876,5.52,3,135
Toronto Blue Jays,2000,162,83,79,861,5677,1562,328,21,244,526,1026.0,89.0,821,5.14,15,100
Anaheim Angels,2001,162,75,87,691,5551,1447,275,26,158,494,1001.0,116.0,671,4.2,6,103
Arizona Diamondbacks,2001,162,92,70,818,5595,1494,284,35,208,587,1052.0,71.0,627,3.87,12,84
Atlanta Braves,2001,162,88,74,729,5498,1432,263,24,174,493,1039.0,85.0,578,3.59,5,103
Baltimore Orioles,2001,162,63,98,687,5472,1359,262,24,136,514,989.0,133.0,744,4.67,10,125
Boston Red Sox,2001,161,82,79,772,5605,1493,316,29,198,520,1131.0,46.0,667,4.15,3,113
Chicago White Sox,2001,162,83,79,798,5464,1463,300,29,214,520,998.0,123.0,725,4.55,8,118
Chicago Cubs,2001,162,88,74,777,5406,1409,268,32,194,577,1077.0,67.0,643,4.03,8,109
Cincinnati Reds,2001,162,66,96,735,5583,1464,304,22,176,468,1172.0,103.0,765,4.77,2,138
Cleveland Indians,2001,162,91,71,897,5600,1559,294,37,212,577,1076.0,79.0,746,4.64,3,107
Colorado Rockies,2001,162,73,89,923,5690,1663,324,61,213,511,1027.0,132.0,841,5.29,8,96
Detroit Tigers,2001,162,66,96,724,5537,1439,291,60,139,466,972.0,133.0,795,5.01,16,131
Florida Marlins,2001,162,76,86,742,5542,1461,325,30,166,470,1145.0,89.0,691,4.32,5,103
Houston Astros,2001,162,93,69,847,5528,1500,313,29,208,581,1119.0,64.0,707,4.37,7,110
Kansas City Royals,2001,162,65,97,729,5643,1503,277,37,152,406,898.0,100.0,779,4.87,5,117
Los Angeles Dodgers,2001,162,86,76,758,5493,1399,264,27,206,519,1062.0,89.0,685,4.25,3,116
Milwaukee Brewers,2001,162,68,94,740,5488,1378,273,30,209,488,1399.0,66.0,740,4.64,3,103
Minnesota Twins,2001,162,85,77,771,5560,1514,328,38,164,495,1083.0,146.0,722,4.51,12,108
Montreal Expos,2001,162,68,94,670,5379,1361,320,28,131,478,1071.0,101.0,745,4.68,5,108
New York Yankees,2001,161,95,65,804,5577,1488,289,20,203,519,1035.0,161.0,649,4.02,7,109
New York Mets,2001,162,82,80,642,5459,1361,273,18,147,545,1062.0,66.0,654,4.07,6,101
Oakland Athletics,2001,162,102,60,884,5573,1469,334,22,199,640,1021.0,68.0,583,3.59,13,125
Philadelphia Phillies,2001,162,86,76,746,5497,1431,295,29,164,551,1125.0,153.0,667,4.15,8,91
Pittsburgh Pirates,2001,162,62,100,657,5398,1333,256,25,161,467,1106.0,93.0,794,5.05,8,133
San Diego Padres,2001,162,79,83,789,5482,1379,273,26,161,678,1273.0,129.0,724,4.52,5,145
Seattle Mariners,2001,162,116,46,927,5680,1637,310,38,169,614,989.0,174.0,576,3.54,8,83
San Francisco Giants,2001,162,90,72,799,5612,1493,304,40,235,625,1090.0,57.0,680,4.18,3,118
St. Louis Cardinals,2001,162,93,69,814,5450,1469,274,32,199,529,1089.0,91.0,627,3.93,8,110
Tampa Bay Devil Rays,2001,162,62,100,672,5524,1426,311,21,121,456,1116.0,115.0,781,4.94,1,139
Texas Rangers,2001,162,73,89,890,5685,1566,326,23,246,548,1093.0,97.0,913,5.71,4,114
Toronto Blue Jays,2001,162,80,82,767,5663,1489,287,36,195,470,1094.0,156.0,696,4.28,7,97
Anaheim Angels,2002,162,99,63,851,5678,1603,333,32,152,462,805.0,117.0,595,3.69,7,87
Arizona Diamondbacks,2002,162,98,64,819,5508,1471,283,41,165,643,1016.0,92.0,630,3.92,14,89
Atlanta Braves,2002,161,101,59,708,5495,1428,280,25,164,558,1028.0,76.0,511,3.13,3,114
Baltimore Orioles,2002,162,67,95,667,5491,1353,311,27,165,452,993.0,110.0,719,4.46,8,91
Boston Red Sox,2002,162,93,69,859,5640,1560,348,33,177,545,944.0,80.0,603,3.75,5,104
Chicago White Sox,2002,162,81,81,856,5502,1475,289,29,217,555,952.0,75.0,716,4.53,7,97
Chicago Cubs,2002,162,67,95,706,5496,1351,259,29,200,585,1269.0,63.0,687,4.29,11,114
Cincinnati Reds,2002,162,78,84,709,5470,1386,297,21,169,583,1188.0,116.0,690,4.27,2,120
Cleveland Indians,2002,162,74,88,739,5423,1349,255,26,192,542,1000.0,52.0,777,4.91,9,113
Colorado Rockies,2002,162,73,89,778,5512,1508,283,41,152,497,1043.0,103.0,825,5.2,1,112
Detroit Tigers,2002,161,55,106,575,5406,1340,265,37,124,363,1035.0,65.0,773,4.92,11,142
Florida Marlins,2002,162,79,83,699,5496,1433,280,32,146,595,1130.0,177.0,706,4.36,11,106
Houston Astros,2002,162,84,78,749,5503,1441,291,32,167,589,1120.0,71.0,642,4.0,2,83
Kansas City Royals,2002,162,62,100,737,5535,1415,285,42,140,524,921.0,140.0,834,5.21,12,130
Los Angeles Dodgers,2002,162,92,70,713,5554,1464,286,29,155,428,940.0,96.0,598,3.69,4,90
Milwaukee Brewers,2002,162,56,106,627,5415,1369,269,29,139,500,1125.0,94.0,752,4.73,7,103
Minnesota Twins,2002,161,94,67,768,5582,1518,348,36,167,472,1089.0,79.0,662,4.12,8,74
Montreal Expos,2002,162,83,79,735,5479,1432,300,36,162,575,1104.0,118.0,641,3.97,9,139
New York Yankees,2002,161,103,58,897,5601,1540,314,12,223,640,1171.0,100.0,625,3.87,9,127
New York Mets,2002,161,75,86,690,5496,1409,238,22,160,486,1044.0,87.0,624,3.89,9,144
Oakland Athletics,2002,162,103,59,800,5558,1450,279,28,205,609,1008.0,46.0,593,3.68,9,102
Philadelphia Phillies,2002,161,80,81,710,5523,1428,325,41,165,640,1095.0,104.0,671,4.17,5,88
Pittsburgh Pirates,2002,161,72,89,641,5330,1300,263,20,142,537,1109.0,86.0,664,4.23,2,115
San Diego Padres,2002,162,66,96,662,5515,1393,243,29,136,547,1062.0,71.0,737,4.62,5,128
Seattle Mariners,2002,162,93,69,814,5569,1531,285,31,152,629,1003.0,137.0,654,4.07,8,88
San Francisco Giants,2002,162,95,66,783,5497,1465,300,35,198,616,961.0,74.0,566,3.54,10,90
St. Louis Cardinals,2002,162,97,65,787,5505,1475,285,26,175,542,927.0,86.0,595,3.7,4,103
Tampa Bay Devil Rays,2002,161,55,106,673,5604,1418,297,35,133,456,1115.0,102.0,846,5.29,12,126
Texas Rangers,2002,162,72,90,843,5618,1510,304,27,230,554,1055.0,62.0,824,5.15,4,99
Toronto Blue Jays,2002,162,78,84,813,5581,1457,305,38,187,522,1142.0,71.0,767,4.8,6,107
Anaheim Angels,2003,162,77,85,736,5487,1473,276,33,150,476,838.0,129.0,680,4.28,5,105
Arizona Diamondbacks,2003,162,84,78,717,5570,1467,303,47,152,531,1006.0,76.0,621,3.84,7,107
Atlanta Braves,2003,162,101,61,907,5670,1608,321,31,235,545,933.0,68.0,663,4.1,4,121
Baltimore Orioles,2003,163,71,91,743,5665,1516,277,24,152,431,902.0,89.0,767,4.76,9,105
Boston Red Sox,2003,162,95,67,961,5769,1667,371,40,238,620,943.0,88.0,729,4.48,5,113
Chicago White Sox,2003,162,86,76,791,5487,1445,303,19,220,519,916.0,77.0,663,4.17,12,93
Chicago Cubs,2003,162,88,74,724,5519,1431,302,24,172,492,1158.0,73.0,619,3.83,13,106
Cincinnati Reds,2003,162,69,93,694,5509,1349,239,21,182,524,1326.0,80.0,818,5.09,4,141
Cleveland Indians,2003,162,68,94,699,5572,1413,296,26,158,466,1062.0,86.0,682,4.21,5,126
Colorado Rockies,2003,162,74,88,853,5518,1472,330,31,198,619,1134.0,63.0,821,5.2,3,116
Detroit Tigers,2003,162,43,119,591,5466,1312,201,39,153,443,1099.0,98.0,847,5.3,3,138
Florida Marlins,2003,162,91,71,751,5490,1459,292,44,157,515,978.0,150.0,648,4.04,7,78
Houston Astros,2003,162,87,75,805,5583,1466,308,30,191,557,1021.0,66.0,622,3.86,1,95
Kansas City Royals,2003,162,83,79,836,5568,1526,288,39,162,476,926.0,120.0,808,5.05,7,108
Los Angeles Dodgers,2003,162,85,77,574,5458,1328,260,25,124,407,985.0,80.0,511,3.16,3,119
Milwaukee Brewers,2003,162,68,94,714,5548,1423,266,24,196,547,1221.0,99.0,810,5.02,5,114
Minnesota Twins,2003,162,90,72,801,5655,1567,318,45,155,512,1027.0,94.0,716,4.41,7,87
Montreal Expos,2003,162,83,79,711,5437,1404,294,25,144,522,990.0,100.0,640,4.01,15,102
New York Yankees,2003,163,101,61,877,5605,1518,304,14,230,684,1042.0,98.0,653,4.02,8,114
New York Mets,2003,161,66,95,642,5341,1317,262,24,124,489,1035.0,70.0,704,4.48,3,118
Oakland Athletics,2003,162,96,66,768,5497,1398,317,24,176,556,898.0,48.0,582,3.63,16,107
Philadelphia Phillies,2003,162,86,76,791,5543,1448,325,27,166,651,1155.0,72.0,648,4.04,9,97
Pittsburgh Pirates,2003,162,75,87,753,5581,1492,275,45,163,529,1049.0,86.0,744,4.64,7,123
San Diego Padres,2003,162,64,98,678,5531,1442,257,32,128,565,1073.0,76.0,774,4.87,2,102
Seattle Mariners,2003,162,93,69,795,5561,1509,290,33,139,586,989.0,108.0,602,3.76,8,65
San Francisco Giants,2003,161,100,61,755,5456,1440,281,29,180,593,980.0,53.0,595,3.73,7,80
St. Louis Cardinals,2003,162,85,77,876,5672,1580,342,32,196,580,952.0,82.0,748,4.6,9,77
Tampa Bay Devil Rays,2003,162,63,99,715,5654,1501,298,38,137,420,1030.0,142.0,787,4.93,7,103
Texas Rangers,2003,162,71,91,826,5664,1506,274,36,239,488,1052.0,65.0,903,5.67,4,94
Toronto Blue Jays,2003,162,86,76,894,5661,1580,357,33,190,546,1081.0,37.0,748,4.69,14,117
Anaheim Angels,2004,162,92,70,836,5675,1603,272,37,162,450,942.0,143.0,692,4.28,2,90
Arizona Diamondbacks,2004,162,51,111,615,5544,1401,295,38,135,441,1022.0,53.0,794,4.98,5,139
Atlanta Braves,2004,162,96,66,803,5570,1503,304,37,178,587,1158.0,86.0,603,3.74,4,116
Baltimore Orioles,2004,162,78,84,842,5736,1614,319,18,169,528,949.0,101.0,760,4.7,8,110
Boston Red Sox,2004,162,98,64,949,5720,1613,373,25,222,659,1189.0,68.0,674,4.18,4,118
Chicago White Sox,2004,162,83,79,865,5534,1481,284,19,242,499,1030.0,78.0,782,4.91,8,100
Chicago Cubs,2004,162,89,73,789,5628,1508,308,29,235,489,1080.0,66.0,621,3.81,3,86
Cincinnati Reds,2004,162,76,86,750,5518,1380,287,28,194,599,1335.0,77.0,832,5.19,5,113
Cleveland Indians,2004,162,80,82,858,5676,1565,345,29,184,606,1009.0,94.0,784,4.81,8,106
Colorado Rockies,2004,162,68,94,833,5577,1531,331,34,202,568,1181.0,44.0,883,5.54,3,89
Detroit Tigers,2004,162,72,90,827,5623,1531,284,54,201,518,1144.0,86.0,788,4.93,7,144
Florida Marlins,2004,162,83,79,718,5486,1447,275,32,148,499,968.0,96.0,655,4.1,6,86
Houston Astros,2004,162,92,70,803,5468,1458,294,36,187,590,999.0,89.0,650,4.05,2,101
Kansas City Royals,2004,162,58,104,720,5538,1432,261,29,150,461,1057.0,67.0,813,5.15,6,131
Los Angeles Dodgers,2004,162,93,69,761,5542,1450,226,30,203,536,1092.0,102.0,647,4.01,2,73
Milwaukee Brewers,2004,161,67,94,634,5483,1358,295,32,135,540,1312.0,138.0,679,4.24,6,117
Minnesota Twins,2004,162,92,70,780,5623,1494,310,24,191,513,982.0,116.0,661,4.03,4,101
Montreal Expos,2004,162,67,95,635,5474,1361,276,27,151,496,925.0,109.0,696,4.33,11,99
New York Yankees,2004,162,101,61,897,5527,1483,281,20,242,670,982.0,84.0,752,4.69,1,99
New York Mets,2004,162,71,91,684,5532,1376,289,20,185,512,1159.0,107.0,658,4.09,2,137
Oakland Athletics,2004,162,91,71,793,5728,1545,336,15,189,608,1061.0,47.0,682,4.17,10,91
Philadelphia Phillies,2004,162,86,76,840,5643,1505,303,23,215,645,1133.0,100.0,724,4.45,4,81
Pittsburgh Pirates,2004,161,72,89,680,5483,1428,267,39,142,415,1066.0,63.0,680,4.29,3,103
San Diego Padres,2004,162,87,75,768,5573,1521,304,32,139,566,910.0,52.0,645,4.03,3,108
Seattle Mariners,2004,162,63,99,698,5722,1544,276,20,136,492,1058.0,110.0,772,4.76,7,103
San Francisco Giants,2004,162,91,71,850,5546,1500,314,33,183,705,874.0,43.0,695,4.29,8,101
St. Louis Cardinals,2004,162,105,57,855,5555,1544,319,24,214,548,1085.0,111.0,605,3.75,4,97
Tampa Bay Devil Rays,2004,161,70,91,714,5483,1416,278,46,145,469,944.0,132.0,757,4.81,3,119
Texas Rangers,2004,162,89,73,860,5615,1492,323,34,227,500,1099.0,69.0,724,4.53,5,117
Toronto Blue Jays,2004,161,67,94,719,5531,1438,290,34,145,513,1083.0,58.0,775,4.91,6,91
Arizona Diamondbacks,2005,162,77,85,696,5550,1419,291,27,191,606,1094.0,67.0,783,4.84,6,94
Atlanta Braves,2005,162,90,72,769,5486,1453,308,37,184,534,1084.0,92.0,639,3.98,8,86
Baltimore Orioles,2005,162,74,88,729,5551,1492,296,27,189,447,902.0,83.0,724,4.56,2,107
Boston Red Sox,2005,162,95,67,910,5626,1579,339,21,199,653,1044.0,45.0,752,4.74,6,109
Chicago White Sox,2005,162,99,63,741,5529,1450,253,23,200,435,1002.0,137.0,592,3.61,9,94
Chicago Cubs,2005,162,79,83,703,5584,1506,323,23,194,419,920.0,65.0,671,4.19,8,101
Cincinnati Reds,2005,163,73,89,820,5565,1453,335,15,222,611,1303.0,72.0,820,5.15,2,104
Cleveland Indians,2005,162,93,69,790,5609,1522,337,30,207,503,1093.0,62.0,582,3.61,6,106
Colorado Rockies,2005,162,67,95,740,5542,1477,280,34,150,509,1103.0,65.0,808,5.13,4,118
Detroit Tigers,2005,162,71,91,723,5602,1521,283,45,168,384,1038.0,66.0,719,4.51,7,110
Florida Marlins,2005,162,83,79,717,5502,1499,306,32,128,512,918.0,96.0,666,4.16,14,103
Houston Astros,2005,163,89,73,693,5462,1400,281,32,161,481,1037.0,115.0,563,3.51,6,89
Kansas City Royals,2005,162,56,106,701,5503,1445,289,34,126,424,1008.0,53.0,862,5.49,4,125
Los Angeles Angels of Anaheim,2005,162,95,67,761,5624,1520,278,30,147,447,848.0,161.0,598,3.68,7,87
Los Angeles Dodgers,2005,162,71,91,685,5433,1374,284,21,149,541,1094.0,58.0,695,4.38,6,106
Milwaukee Brewers,2005,162,81,81,726,5448,1413,327,19,175,531,1162.0,79.0,635,3.97,7,119
Minnesota Twins,2005,162,83,79,688,5564,1441,269,32,134,485,978.0,102.0,604,3.71,9,102
New York Yankees,2005,162,95,67,886,5624,1552,259,16,229,637,989.0,84.0,718,4.52,8,95
New York Mets,2005,162,83,79,722,5505,1421,279,32,175,486,1075.0,153.0,599,3.76,8,106
Oakland Athletics,2005,162,88,74,772,5627,1476,310,20,155,537,819.0,31.0,594,3.69,9,88
Philadelphia Phillies,2005,162,88,74,807,5542,1494,282,35,167,639,1083.0,116.0,672,4.21,4,90
Pittsburgh Pirates,2005,162,67,95,680,5573,1445,292,38,139,471,1092.0,73.0,706,4.42,4,117
San Diego Padres,2005,162,82,80,684,5502,1416,269,39,130,600,977.0,99.0,668,4.13,4,109
Seattle Mariners,2005,162,69,93,699,5507,1408,289,34,130,466,986.0,102.0,712,4.49,6,86
San Francisco Giants,2005,162,75,87,649,5462,1427,299,26,128,431,901.0,71.0,695,4.33,4,90
St. Louis Cardinals,2005,162,100,62,805,5538,1494,287,26,170,534,947.0,83.0,560,3.49,15,100
Tampa Bay Devil Rays,2005,162,67,95,750,5552,1519,289,40,157,412,990.0,151.0,851,5.39,1,124
Texas Rangers,2005,162,79,83,865,5716,1528,311,29,260,495,1112.0,67.0,794,4.96,2,108
Toronto Blue Jays,2005,162,80,82,775,5581,1480,307,39,136,486,955.0,72.0,653,4.06,9,95
Washington Nationals,2005,162,81,81,639,5426,1367,311,32,117,491,1090.0,45.0,627,3.87,4,92
Arizona Diamondbacks,2006,162,76,86,773,5645,1506,331,38,160,504,965.0,76.0,727,4.48,8,104
Atlanta Braves,2006,162,79,83,849,5583,1510,312,26,222,526,1169.0,52.0,736,4.6,6,99
Baltimore Orioles,2006,162,70,92,768,5610,1556,288,20,164,474,878.0,121.0,843,5.35,5,102
Boston Red Sox,2006,162,86,76,820,5619,1510,327,16,192,672,1056.0,51.0,773,4.83,3,66
Chicago White Sox,2006,162,90,72,868,5657,1586,291,20,236,502,1056.0,93.0,743,4.61,5,90
Chicago Cubs,2006,162,66,96,716,5587,1496,271,46,166,395,928.0,121.0,758,4.74,2,106
Cincinnati Reds,2006,162,80,82,749,5515,1419,291,12,217,614,1192.0,124.0,725,4.51,9,128
Cleveland Indians,2006,162,78,84,870,5619,1576,351,27,196,556,1204.0,55.0,698,4.41,13,118
Colorado Rockies,2006,162,76,86,813,5562,1504,325,54,157,561,1108.0,85.0,749,4.66,5,91
Detroit Tigers,2006,162,95,67,822,5642,1548,294,40,203,430,1133.0,60.0,618,3.84,3,106
Florida Marlins,2006,162,78,84,758,5502,1454,309,42,182,497,1249.0,110.0,696,4.37,6,126
Houston Astros,2006,162,82,80,735,5521,1407,275,27,174,585,1076.0,79.0,666,4.08,5,80
Kansas City Royals,2006,162,62,100,757,5589,1515,335,37,124,474,1040.0,65.0,896,5.65,3,98
Los Angeles Angels of Anaheim,2006,162,89,73,766,5609,1539,309,29,159,486,914.0,148.0,652,4.04,5,124
Los Angeles Dodgers,2006,162,88,74,820,5628,1552,307,58,153,601,959.0,128.0,686,4.23,1,115
Milwaukee Brewers,2006,162,75,87,730,5433,1400,301,20,180,502,1233.0,71.0,763,4.82,7,117
Minnesota Twins,2006,162,96,66,801,5602,1608,275,34,143,490,872.0,101.0,632,3.95,1,84
New York Yankees,2006,162,97,65,930,5651,1608,327,21,210,649,1053.0,139.0,708,4.41,5,104
New York Mets,2006,162,97,65,834,5558,1469,323,41,200,547,1071.0,146.0,673,4.14,5,104
Oakland Athletics,2006,162,93,69,771,5500,1429,266,22,175,650,976.0,61.0,679,4.21,5,84
Philadelphia Phillies,2006,162,85,77,865,5687,1518,294,41,216,626,1203.0,92.0,747,4.6,4,104
Pittsburgh Pirates,2006,162,67,95,691,5558,1462,286,17,141,459,1200.0,68.0,720,4.52,2,104
San Diego Padres,2006,162,88,74,731,5576,1465,298,38,161,564,1104.0,123.0,629,3.87,4,92
Seattle Mariners,2006,162,78,84,756,5670,1540,266,42,172,404,974.0,106.0,739,4.6,6,88
San Francisco Giants,2006,161,76,85,746,5472,1418,297,52,163,494,891.0,58.0,735,4.63,7,91
St. Louis Cardinals,2006,161,83,78,781,5522,1484,292,27,184,531,922.0,59.0,721,4.54,6,98
Tampa Bay Devil Rays,2006,162,61,101,689,5474,1395,267,33,190,441,1106.0,134.0,782,4.96,3,116
Texas Rangers,2006,162,80,82,835,5659,1571,357,23,183,505,1061.0,53.0,731,4.6,3,98
Toronto Blue Jays,2006,162,87,75,809,5596,1591,348,27,199,514,906.0,65.0,694,4.37,6,99
Washington Nationals,2006,162,71,91,746,5495,1437,322,22,164,594,1156.0,123.0,803,5.03,1,131
Arizona Diamondbacks,2007,162,90,72,712,5398,1350,286,40,171,532,1111.0,109.0,662,4.13,7,106
Atlanta Braves,2007,162,84,78,810,5689,1562,328,27,176,534,1149.0,64.0,665,4.11,1,107
Baltimore Orioles,2007,162,69,93,756,5631,1529,306,30,142,500,939.0,144.0,827,5.17,4,79
Boston Red Sox,2007,162,96,66,867,5589,1561,352,35,166,689,1042.0,96.0,618,3.87,5,81
Chicago White Sox,2007,162,72,90,693,5441,1341,249,20,190,532,1149.0,78.0,763,4.77,9,108
Chicago Cubs,2007,162,85,77,752,5643,1530,340,28,151,500,1054.0,86.0,650,4.04,2,94
Cincinnati Reds,2007,162,72,90,783,5607,1496,293,23,204,536,1113.0,97.0,796,4.94,6,95
Cleveland Indians,2007,162,96,66,811,5604,1504,305,27,178,590,1202.0,72.0,658,4.05,9,92
Colorado Rockies,2007,163,90,73,860,5691,1591,313,36,171,622,1152.0,100.0,706,4.32,4,68
Detroit Tigers,2007,162,88,74,887,5757,1652,352,50,177,474,1054.0,103.0,735,4.57,1,99
Florida Marlins,2007,162,71,91,790,5627,1504,340,38,201,521,1332.0,105.0,793,4.94,0,137
Houston Astros,2007,162,73,89,723,5605,1457,293,30,167,547,1043.0,65.0,761,4.68,2,103
Kansas City Royals,2007,162,69,93,706,5534,1447,300,46,102,428,1069.0,78.0,716,4.48,2,106
Los Angeles Angels of Anaheim,2007,162,94,68,822,5554,1578,324,23,123,507,883.0,139.0,674,4.23,5,101
Los Angeles Dodgers,2007,162,82,80,735,5614,1544,276,35,129,511,864.0,137.0,677,4.2,4,114
Milwaukee Brewers,2007,162,83,79,801,5554,1455,310,37,231,501,1137.0,96.0,708,4.41,3,109
Minnesota Twins,2007,162,79,83,718,5522,1460,273,36,118,512,839.0,112.0,663,4.15,5,95
New York Yankees,2007,162,94,68,968,5717,1656,326,32,201,637,991.0,123.0,724,4.49,1,88
New York Mets,2007,162,88,74,804,5605,1543,294,27,177,549,981.0,200.0,687,4.26,2,101
Oakland Athletics,2007,162,76,86,741,5577,1430,295,16,171,664,1119.0,52.0,689,4.28,4,90
Philadelphia Phillies,2007,162,89,73,892,5688,1558,326,41,213,641,1205.0,138.0,767,4.73,5,89
Pittsburgh Pirates,2007,162,68,94,724,5569,1463,322,31,148,463,1135.0,68.0,793,4.93,4,83
San Diego Padres,2007,163,89,74,741,5612,1408,322,31,171,557,1229.0,55.0,611,3.7,1,92
Seattle Mariners,2007,162,88,74,794,5684,1629,284,22,153,389,861.0,81.0,754,4.73,6,90
San Francisco Giants,2007,162,71,91,683,5538,1407,267,37,131,532,907.0,119.0,677,4.19,5,88
St. Louis Cardinals,2007,162,78,84,725,5529,1513,279,13,141,506,909.0,56.0,741,4.65,2,121
Tampa Bay Devil Rays,2007,162,66,96,782,5593,1500,291,36,187,545,1324.0,131.0,879,5.53,2,117
Texas Rangers,2007,162,75,87,816,5555,1460,298,36,179,503,1224.0,88.0,755,4.75,0,124
Toronto Blue Jays,2007,162,83,79,753,5536,1434,344,24,165,533,1044.0,57.0,644,4.0,11,102
Washington Nationals,2007,162,73,89,673,5520,1415,309,31,123,524,1128.0,69.0,736,4.58,0,109
Arizona Diamondbacks,2008,162,82,80,720,5409,1355,318,47,159,587,1287.0,58.0,635,3.98,6,113
Atlanta Braves,2008,162,72,90,753,5604,1514,316,33,130,618,1023.0,58.0,714,4.46,2,107
Baltimore Orioles,2008,161,68,93,782,5559,1486,322,30,172,533,990.0,81.0,810,5.13,4,100
Boston Red Sox,2008,162,95,67,845,5596,1565,353,33,173,646,1068.0,120.0,645,4.01,5,85
Chicago White Sox,2008,163,89,74,811,5553,1458,296,13,235,540,1016.0,67.0,658,4.06,4,108
Chicago Cubs,2008,161,97,64,855,5588,1552,329,21,184,636,1186.0,87.0,624,3.87,2,99
Cincinnati Reds,2008,162,74,88,704,5465,1351,269,24,187,560,1125.0,85.0,729,4.55,2,114
Cleveland Indians,2008,162,81,81,805,5543,1455,339,22,171,560,1213.0,77.0,711,4.45,10,94
Colorado Rockies,2008,162,74,88,747,5557,1462,310,28,160,570,1209.0,141.0,766,4.77,3,96
Detroit Tigers,2008,162,74,88,821,5641,1529,293,41,200,572,1076.0,63.0,786,4.9,1,113
Florida Marlins,2008,161,84,77,770,5499,1397,302,28,208,543,1371.0,76.0,707,4.43,2,117
Houston Astros,2008,161,86,75,712,5451,1432,284,22,167,449,1051.0,114.0,691,4.36,4,67
Kansas City Royals,2008,162,75,87,691,5608,1507,303,28,120,392,1005.0,79.0,720,4.48,2,96
Los Angeles Angels of Anaheim,2008,162,100,62,765,5540,1486,274,25,159,481,987.0,129.0,644,3.99,7,91
Los Angeles Dodgers,2008,162,84,78,700,5506,1455,271,29,137,543,1032.0,126.0,591,3.68,5,101
Milwaukee Brewers,2008,162,90,72,750,5535,1398,324,35,198,550,1203.0,108.0,623,3.85,12,101
Minnesota Twins,2008,163,88,75,829,5641,1572,298,49,111,529,979.0,102.0,675,4.16,5,108
New York Yankees,2008,162,89,73,789,5572,1512,289,20,180,535,1015.0,118.0,685,4.28,1,83
New York Mets,2008,162,89,73,799,5606,1491,274,38,172,619,1024.0,138.0,662,4.07,5,83
Oakland Athletics,2008,161,75,86,646,5451,1318,270,23,125,574,1226.0,88.0,640,4.01,4,98
Philadelphia Phillies,2008,162,92,70,799,5509,1407,291,36,214,586,1117.0,136.0,625,3.88,4,90
Pittsburgh Pirates,2008,162,67,95,735,5628,1454,314,21,153,474,1039.0,57.0,822,5.08,3,107
San Diego Padres,2008,162,63,99,637,5568,1390,264,27,154,518,1259.0,36.0,714,4.41,3,85
Seattle Mariners,2008,162,61,101,671,5643,1498,285,20,124,417,890.0,90.0,754,4.73,4,99
San Francisco Giants,2008,162,72,90,640,5543,1452,311,37,94,452,1044.0,108.0,701,4.38,4,96
St. Louis Cardinals,2008,162,86,76,779,5636,1585,283,26,174,577,985.0,73.0,677,4.19,2,85
Tampa Bay Rays,2008,162,97,65,774,5541,1443,284,37,180,626,1224.0,142.0,618,3.82,7,90
Texas Rangers,2008,162,79,83,901,5728,1619,376,35,194,595,1207.0,81.0,860,5.37,6,132
Toronto Blue Jays,2008,162,86,76,714,5503,1453,303,32,126,521,938.0,80.0,561,3.49,15,84
Washington Nationals,2008,161,59,102,641,5491,1376,269,26,117,534,1095.0,81.0,742,4.66,2,123
Arizona Diamondbacks,2009,162,70,92,720,5565,1408,307,45,173,571,1298.0,102.0,711,4.42,4,124
Atlanta Braves,2009,162,86,76,735,5539,1459,300,20,149,602,1064.0,58.0,581,3.57,3,96
Baltimore Orioles,2009,162,64,98,741,5618,1508,307,19,160,517,1013.0,76.0,817,5.15,2,90
Boston Red Sox,2009,162,95,67,872,5543,1495,335,25,212,659,1120.0,126.0,695,4.35,8,82
Chicago White Sox,2009,162,79,83,724,5463,1410,246,20,184,534,1022.0,113.0,663,4.14,4,113
Chicago Cubs,2009,161,83,78,707,5486,1398,293,29,161,592,1185.0,56.0,616,3.84,3,105
Cincinnati Reds,2009,162,78,84,673,5462,1349,280,25,158,531,1129.0,96.0,677,4.18,6,89
Cleveland Indians,2009,162,65,97,773,5568,1468,314,28,161,582,1211.0,84.0,806,5.06,5,97
Colorado Rockies,2009,162,92,70,804,5398,1408,300,50,190,660,1277.0,106.0,675,4.22,5,87
Detroit Tigers,2009,163,86,77,743,5540,1443,245,35,183,540,1114.0,72.0,690,4.29,4,88
Florida Marlins,2009,162,87,75,772,5572,1493,296,25,159,568,1226.0,75.0,690,4.29,5,106
Houston Astros,2009,162,74,88,643,5436,1415,270,32,142,448,990.0,113.0,722,4.54,5,78
Kansas City Royals,2009,162,65,97,686,5532,1432,276,51,144,457,1091.0,88.0,765,4.83,10,117
Los Angeles Angels of Anaheim,2009,162,97,65,883,5622,1604,293,33,173,547,1054.0,148.0,715,4.45,9,85
Los Angeles Dodgers,2009,162,95,67,780,5592,1511,278,39,145,607,1068.0,116.0,558,3.41,1,83
Milwaukee Brewers,2009,162,80,82,785,5510,1447,281,37,182,610,1231.0,68.0,770,4.83,1,98
Minnesota Twins,2009,163,87,76,817,5608,1539,271,40,172,585,1021.0,85.0,726,4.5,4,76
New York Yankees,2009,162,103,59,915,5660,1604,325,21,244,663,1014.0,111.0,687,4.26,3,86
New York Mets,2009,162,70,92,671,5453,1472,295,49,95,526,928.0,122.0,705,4.45,3,97
Oakland Athletics,2009,162,75,87,759,5584,1464,307,21,135,527,1046.0,133.0,685,4.26,2,105
Philadelphia Phillies,2009,162,93,69,820,5578,1439,312,35,224,589,1155.0,119.0,673,4.16,8,76
Pittsburgh Pirates,2009,161,62,99,636,5417,1364,289,34,125,499,1142.0,90.0,723,4.59,5,73
San Diego Padres,2009,162,75,87,638,5425,1315,265,31,141,586,1182.0,82.0,704,4.37,2,94
Seattle Mariners,2009,162,85,77,640,5543,1430,280,19,160,421,1093.0,89.0,625,3.87,4,105
San Francisco Giants,2009,162,88,74,657,5493,1411,275,43,122,392,1158.0,78.0,571,3.55,11,88
St. Louis Cardinals,2009,162,91,71,730,5465,1436,294,29,160,528,1041.0,75.0,586,3.66,8,96
Tampa Bay Rays,2009,162,84,78,803,5462,1434,297,36,199,642,1229.0,194.0,686,4.33,3,98
Texas Rangers,2009,162,87,75,784,5526,1436,296,27,224,472,1253.0,149.0,698,4.38,8,106
Toronto Blue Jays,2009,162,75,87,798,5696,1516,339,13,209,548,1028.0,73.0,720,4.47,10,76
Washington Nationals,2009,162,59,103,710,5493,1416,271,38,156,617,1208.0,73.0,791,5.0,6,143
Arizona Diamondbacks,2010,162,65,97,713,5473,1366,301,34,180,589,1529.0,86.0,765,4.81,3,102
Atlanta Braves,2010,162,91,71,738,5463,1411,312,25,139,634,1140.0,63.0,569,3.56,2,126
Baltimore Orioles,2010,162,66,96,613,5554,1440,264,21,133,424,1056.0,76.0,733,4.59,3,105
Boston Red Sox,2010,162,89,73,818,5646,1511,358,22,211,587,1140.0,68.0,679,4.2,3,111
Chicago White Sox,2010,162,88,74,752,5484,1467,263,21,177,467,922.0,160.0,658,4.09,6,103
Chicago Cubs,2010,162,75,87,685,5512,1414,298,27,149,479,1236.0,55.0,668,4.18,1,126
Cincinnati Reds,2010,162,91,71,790,5579,1515,293,30,188,522,1218.0,93.0,648,4.01,4,72
Cleveland Indians,2010,162,69,93,646,5487,1362,290,20,128,545,1184.0,91.0,684,4.3,10,110
Colorado Rockies,2010,162,83,79,770,5530,1452,270,54,173,585,1274.0,99.0,663,4.14,6,101
Detroit Tigers,2010,162,81,81,751,5643,1515,308,32,152,546,1147.0,69.0,690,4.3,6,109
Florida Marlins,2010,162,80,82,719,5531,1403,294,37,152,514,1375.0,92.0,652,4.08,5,123
Houston Astros,2010,162,76,86,611,5452,1348,252,25,108,415,1025.0,100.0,654,4.09,4,103
Kansas City Royals,2010,162,67,95,676,5604,1534,279,31,121,471,905.0,115.0,794,4.97,7,121
Los Angeles Angels of Anaheim,2010,162,80,82,681,5488,1363,276,19,155,466,1070.0,104.0,651,4.04,10,113
Los Angeles Dodgers,2010,162,80,82,667,5426,1368,270,29,120,533,1184.0,92.0,643,4.01,4,98
Milwaukee Brewers,2010,162,77,85,750,5606,1471,293,33,182,546,1216.0,81.0,733,4.58,3,101
Minnesota Twins,2010,162,94,68,781,5568,1521,318,41,142,559,967.0,68.0,638,3.95,9,78
New York Yankees,2010,162,95,67,859,5567,1485,275,32,201,662,1136.0,103.0,651,4.06,3,69
New York Mets,2010,162,79,83,656,5465,1361,266,40,128,502,1095.0,130.0,597,3.7,8,87
Oakland Athletics,2010,162,81,81,663,5448,1396,276,30,109,527,1061.0,156.0,566,3.56,7,99
Philadelphia Phillies,2010,162,97,65,772,5581,1451,290,34,166,560,1064.0,108.0,594,3.67,14,83
Pittsburgh Pirates,2010,162,57,105,587,5386,1303,276,27,126,463,1207.0,87.0,784,5.0,1,127
San Diego Padres,2010,162,90,72,665,5434,1338,236,24,132,538,1183.0,124.0,549,3.39,2,72
Seattle Mariners,2010,162,61,101,513,5409,1274,227,16,101,459,1184.0,142.0,628,3.93,11,110
San Francisco Giants,2010,162,92,70,697,5488,1411,284,30,162,487,1099.0,55.0,546,3.36,6,73
St. Louis Cardinals,2010,162,86,76,736,5542,1456,285,18,150,541,1027.0,79.0,577,3.57,7,99
Tampa Bay Rays,2010,162,96,66,802,5439,1343,295,37,160,672,1292.0,172.0,611,3.78,6,85
Texas Rangers,2010,162,90,72,787,5635,1556,268,25,162,511,986.0,123.0,636,3.93,7,105
Toronto Blue Jays,2010,162,85,77,755,5495,1364,319,21,257,471,1164.0,58.0,676,4.22,5,92
Washington Nationals,2010,162,69,93,655,5418,1355,250,31,149,503,1220.0,110.0,658,4.13,2,127
Arizona Diamondbacks,2011,162,94,68,731,5421,1357,293,37,172,531,1249.0,133.0,609,3.8,5,90
Atlanta Braves,2011,162,89,73,641,5528,1345,244,16,173,504,1260.0,77.0,572,3.48,3,83
Baltimore Orioles,2011,162,69,93,708,5585,1434,273,13,191,452,1120.0,81.0,786,4.89,3,110
Boston Red Sox,2011,162,90,72,875,5710,1600,352,35,203,578,1108.0,102.0,680,4.2,2,92
Chicago White Sox,2011,162,79,83,654,5502,1387,252,16,154,475,989.0,81.0,665,4.1,6,79
Chicago Cubs,2011,162,71,91,654,5549,1423,285,36,148,425,1202.0,69.0,690,4.33,4,134
Cincinnati Reds,2011,162,79,83,735,5612,1438,264,19,183,535,1250.0,97.0,678,4.16,4,91
Cleveland Indians,2011,162,80,82,704,5509,1380,290,26,154,494,1269.0,89.0,683,4.23,2,110
Colorado Rockies,2011,162,73,89,735,5544,1429,274,40,163,555,1201.0,118.0,713,4.43,5,98
Detroit Tigers,2011,162,95,67,787,5563,1540,297,34,169,521,1143.0,49.0,647,4.04,4,103
Florida Marlins,2011,162,72,90,625,5508,1358,274,30,149,542,1244.0,95.0,640,3.95,7,93
Houston Astros,2011,162,56,106,615,5598,1442,309,28,95,401,1164.0,118.0,719,4.51,2,116
Kansas City Royals,2011,162,71,91,730,5672,1560,325,41,129,442,1006.0,153.0,716,4.44,2,95
Los Angeles Angels of Anaheim,2011,162,86,76,667,5513,1394,289,34,155,442,1086.0,135.0,581,3.57,12,93
Los Angeles Dodgers,2011,161,82,79,644,5436,1395,237,28,117,498,1087.0,126.0,563,3.54,7,85
Milwaukee Brewers,2011,162,96,66,721,5447,1422,276,31,185,481,1083.0,94.0,582,3.63,1,111
Minnesota Twins,2011,162,63,99,619,5487,1357,259,25,103,440,1048.0,92.0,724,4.58,7,119
New York Yankees,2011,162,97,65,867,5518,1452,267,33,222,627,1138.0,147.0,605,3.73,5,102
New York Mets,2011,162,77,85,718,5600,1477,309,39,108,571,1085.0,130.0,674,4.19,6,116
Oakland Athletics,2011,162,74,88,645,5452,1330,280,29,114,509,1094.0,117.0,597,3.71,6,124
Philadelphia Phillies,2011,162,102,60,713,5579,1409,258,38,153,539,1024.0,96.0,495,3.02,18,74
Pittsburgh Pirates,2011,162,72,90,610,5421,1325,277,35,107,489,1308.0,108.0,650,4.04,5,112
San Diego Padres,2011,162,71,91,593,5417,1284,247,42,91,501,1320.0,170.0,551,3.42,0,94
Seattle Mariners,2011,162,67,95,556,5421,1263,253,22,109,435,1280.0,125.0,621,3.9,12,108
San Francisco Giants,2011,162,86,76,570,5486,1327,282,24,121,448,1122.0,85.0,522,3.2,3,104
St. Louis Cardinals,2011,162,90,72,762,5532,1513,308,22,162,542,978.0,57.0,608,3.74,7,116
Tampa Bay Rays,2011,162,91,71,707,5436,1324,273,37,172,571,1193.0,155.0,577,3.58,15,73
Texas Rangers,2011,162,96,66,855,5659,1599,310,32,210,475,930.0,143.0,607,3.79,10,114
Toronto Blue Jays,2011,162,81,81,743,5559,1384,285,34,186,525,1184.0,131.0,700,4.32,7,110
Washington Nationals,2011,161,80,81,624,5441,1319,257,22,154,470,1323.0,106.0,577,3.58,3,104
Arizona Diamondbacks,2012,162,81,81,734,5462,1416,307,33,165,539,1266.0,93.0,626,3.93,4,90
Atlanta Braves,2012,162,94,68,700,5425,1341,263,30,149,567,1289.0,101.0,549,3.42,5,86
Baltimore Orioles,2012,162,93,69,712,5560,1375,270,16,214,480,1315.0,58.0,642,3.9,1,106
Boston Red Sox,2012,162,69,93,734,5604,1459,339,16,165,428,1197.0,97.0,754,4.7,6,101
Chicago White Sox,2012,162,85,77,748,5518,1409,228,29,211,461,1203.0,109.0,646,4.02,6,70
Chicago Cubs,2012,162,61,101,613,5411,1297,265,36,137,447,1235.0,94.0,708,4.51,1,105
Cincinnati Reds,2012,162,97,65,669,5477,1377,296,30,172,481,1266.0,87.0,540,3.34,9,89
Cleveland Indians,2012,162,68,94,667,5525,1385,266,24,136,555,1087.0,110.0,766,4.78,2,96
Colorado Rockies,2012,162,64,98,758,5577,1526,306,52,166,450,1213.0,100.0,824,5.22,0,122
Detroit Tigers,2012,162,88,74,726,5476,1467,279,39,163,511,1103.0,59.0,596,3.75,9,99
Houston Astros,2012,162,55,107,583,5407,1276,238,28,146,463,1365.0,105.0,721,4.56,3,118
Kansas City Royals,2012,162,72,90,676,5636,1492,295,37,131,404,1032.0,132.0,693,4.3,2,113
Los Angeles Angels of Anaheim,2012,162,89,73,767,5536,1518,273,22,187,449,1113.0,134.0,640,4.02,6,98
Los Angeles Dodgers,2012,162,86,76,637,5438,1369,269,23,116,481,1156.0,104.0,538,3.34,2,98
Miami Marlins,2012,162,69,93,609,5437,1327,261,39,137,484,1228.0,149.0,655,4.09,5,103
Milwaukee Brewers,2012,162,83,79,776,5557,1442,300,39,202,466,1240.0,158.0,682,4.22,0,99
Minnesota Twins,2012,162,66,96,701,5562,1448,270,30,131,505,1069.0,135.0,762,4.77,3,107
New York Yankees,2012,162,95,67,804,5524,1462,280,13,245,565,1176.0,93.0,617,3.84,6,75
New York Mets,2012,162,74,88,650,5450,1357,286,21,139,503,1250.0,79.0,651,4.09,7,101
Oakland Athletics,2012,162,94,68,713,5527,1315,267,32,195,550,1387.0,122.0,569,3.48,1,111
Philadelphia Phillies,2012,162,81,81,684,5544,1414,271,28,158,454,1094.0,116.0,618,3.83,5,101
Pittsburgh Pirates,2012,162,79,83,651,5412,1313,241,37,170,444,1354.0,73.0,615,3.86,2,112
San Diego Padres,2012,162,76,86,651,5422,1339,272,43,121,539,1238.0,155.0,640,4.01,4,121
Seattle Mariners,2012,162,75,87,619,5494,1285,241,27,149,466,1259.0,104.0,608,3.76,8,72
San Francisco Giants,2012,162,94,68,718,5558,1495,287,57,103,483,1097.0,118.0,593,3.68,5,115
St. Louis Cardinals,2012,162,88,74,765,5622,1526,290,37,159,533,1192.0,91.0,603,3.71,4,107
Tampa Bay Rays,2012,162,90,72,697,5398,1293,250,30,175,571,1323.0,134.0,518,3.19,7,114
Texas Rangers,2012,162,93,69,808,5590,1526,303,32,200,478,1103.0,91.0,639,3.99,7,85
Toronto Blue Jays,2012,162,73,89,716,5487,1346,247,22,198,473,1251.0,123.0,745,4.64,5,101
Washington Nationals,2012,162,98,64,731,5615,1468,301,25,194,479,1325.0,105.0,543,3.33,3,94
Arizona Diamondbacks,2013,162,81,81,685,5676,1468,302,31,130,519,1142.0,62.0,651,3.92,6,75
Atlanta Braves,2013,162,96,66,688,5441,1354,247,21,181,542,1384.0,64.0,512,3.18,1,85
Baltimore Orioles,2013,162,85,77,745,5620,1460,298,14,212,416,1125.0,79.0,678,4.2,2,54
Boston Red Sox,2013,162,97,65,853,5651,1566,363,29,178,581,1308.0,123.0,613,3.79,5,80
Chicago White Sox,2013,162,63,99,598,5563,1385,237,19,148,411,1207.0,105.0,643,3.98,5,121
Chicago Cubs,2013,162,66,96,602,5498,1307,297,18,172,439,1230.0,63.0,643,4.0,3,100
Cincinnati Reds,2013,162,90,72,698,5499,1370,274,20,155,585,1245.0,67.0,554,3.38,5,76
Cleveland Indians,2013,162,92,70,745,5465,1391,290,23,171,562,1283.0,117.0,611,3.82,3,98
Colorado Rockies,2013,162,74,88,706,5599,1511,283,36,159,427,1204.0,112.0,708,4.44,1,90
Detroit Tigers,2013,162,93,69,796,5735,1625,292,23,176,531,1073.0,35.0,587,3.61,3,76
Houston Astros,2013,162,51,111,610,5457,1307,266,16,148,426,1535.0,110.0,766,4.79,2,125
Kansas City Royals,2013,162,86,76,648,5549,1443,254,34,112,422,1048.0,153.0,555,3.45,5,85
Los Angeles Angels of Anaheim,2013,162,78,84,733,5588,1476,270,39,164,523,1221.0,82.0,685,4.23,4,112
Los Angeles Dodgers,2013,162,92,70,649,5491,1447,281,17,138,476,1146.0,78.0,524,3.25,7,109
Miami Marlins,2013,162,62,100,513,5449,1257,219,31,95,432,1232.0,78.0,602,3.71,2,88
Milwaukee Brewers,2013,162,74,88,640,5474,1381,238,43,157,407,1183.0,142.0,615,3.84,4,114
Minnesota Twins,2013,162,66,96,614,5564,1346,285,15,151,533,1430.0,52.0,733,4.55,1,81
New York Yankees,2013,162,85,77,650,5449,1321,247,24,144,466,1214.0,115.0,633,3.94,7,69
New York Mets,2013,162,74,88,619,5559,1318,263,32,130,512,1384.0,114.0,618,3.77,4,93
Oakland Athletics,2013,162,96,66,767,5521,1403,301,25,186,573,1178.0,74.0,574,3.56,6,97
Philadelphia Phillies,2013,162,73,89,610,5456,1355,255,32,140,417,1205.0,73.0,689,4.32,6,97
Pittsburgh Pirates,2013,162,94,68,634,5486,1346,273,35,161,469,1330.0,94.0,533,3.26,3,106
San Diego Padres,2013,162,76,86,618,5517,1349,246,26,146,467,1309.0,118.0,643,3.98,3,83
Seattle Mariners,2013,162,71,91,624,5558,1318,249,17,188,529,1353.0,49.0,702,4.31,4,88
San Francisco Giants,2013,162,76,86,629,5552,1446,280,35,107,469,1078.0,67.0,643,4.0,2,107
St. Louis Cardinals,2013,162,97,65,783,5557,1494,322,20,125,481,1110.0,45.0,555,3.42,7,75
Tampa Bay Rays,2013,163,92,71,700,5538,1421,296,23,165,589,1171.0,73.0,608,3.74,9,59
Texas Rangers,2013,163,91,72,730,5585,1465,262,23,176,462,1067.0,149.0,589,3.62,4,86
Toronto Blue Jays,2013,162,74,88,712,5537,1398,273,24,185,510,1123.0,112.0,685,4.25,4,111
Washington Nationals,2013,162,86,76,656,5436,1365,259,27,161,464,1192.0,88.0,576,3.59,6,107
Arizona Diamondbacks,2014,162,64,98,615,5552,1379,259,47,118,398,1165.0,86.0,683,4.26,2,101
Atlanta Braves,2014,162,79,83,573,5468,1316,240,22,123,472,1369.0,95.0,547,3.38,5,85
Baltimore Orioles,2014,162,96,66,705,5596,1434,264,16,211,401,1285.0,44.0,557,3.43,3,87
Boston Red Sox,2014,162,71,91,634,5551,1355,282,20,123,535,1337.0,63.0,653,4.01,3,92
Chicago White Sox,2014,162,73,89,660,5543,1400,279,32,155,417,1362.0,85.0,687,4.29,3,107
Chicago Cubs,2014,162,73,89,614,5508,1315,270,31,157,442,1477.0,65.0,636,3.91,1,103
Cincinnati Reds,2014,162,76,86,595,5395,1282,254,20,131,415,1252.0,122.0,576,3.59,5,72
Cleveland Indians,2014,162,85,77,669,5575,1411,284,23,142,504,1189.0,104.0,581,3.56,6,116
Colorado Rockies,2014,162,66,96,755,5612,1551,307,41,186,397,1281.0,85.0,770,4.84,1,106
Detroit Tigers,2014,162,90,72,757,5630,1557,325,26,155,443,1144.0,106.0,648,4.01,5,101
Houston Astros,2014,162,70,92,629,5447,1317,240,19,163,495,1442.0,122.0,657,4.11,7,106
Kansas City Royals,2014,162,89,73,651,5545,1456,286,29,95,380,985.0,153.0,565,3.51,3,104
Los Angeles Angels of Anaheim,2014,162,98,64,773,5652,1464,304,31,155,492,1266.0,81.0,590,3.58,3,83
Los Angeles Dodgers,2014,162,94,68,718,5560,1476,302,38,134,519,1246.0,138.0,554,3.4,7,107
Miami Marlins,2014,162,77,85,645,5538,1399,254,36,122,501,1419.0,58.0,613,3.78,3,97
Milwaukee Brewers,2014,162,82,80,650,5462,1366,297,28,150,423,1197.0,102.0,594,3.67,3,99
Minnesota Twins,2014,162,70,92,715,5567,1412,316,27,128,544,1329.0,99.0,728,4.57,2,97
New York Yankees,2014,162,84,78,633,5497,1349,247,26,147,452,1133.0,112.0,605,3.75,5,92
New York Mets,2014,162,79,83,629,5472,1306,275,19,125,516,1264.0,101.0,568,3.49,1,104
Oakland Athletics,2014,162,88,74,729,5545,1354,253,33,146,586,1104.0,83.0,524,3.22,7,111
Philadelphia Phillies,2014,162,73,89,619,5603,1356,251,27,125,443,1306.0,109.0,619,3.79,2,83
Pittsburgh Pirates,2014,162,88,74,682,5536,1436,275,30,156,520,1244.0,104.0,562,3.47,2,109
San Diego Padres,2014,162,77,85,535,5294,1199,224,30,109,468,1294.0,91.0,523,3.27,4,101
Seattle Mariners,2014,162,87,75,634,5450,1328,247,32,136,396,1232.0,96.0,512,3.17,2,82
San Francisco Giants,2014,162,88,74,665,5523,1407,257,42,132,427,1245.0,56.0,564,3.5,8,100
St. Louis Cardinals,2014,162,90,72,619,5426,1371,275,21,105,471,1133.0,57.0,564,3.5,8,88
Tampa Bay Rays,2014,162,77,85,612,5516,1361,263,24,117,527,1124.0,63.0,579,3.56,3,88
Texas Rangers,2014,162,67,95,637,5460,1400,260,28,111,417,1162.0,105.0,711,4.49,6,106
Toronto Blue Jays,2014,162,83,79,723,5549,1435,282,24,177,502,1151.0,78.0,642,4.0,3,87
Washington Nationals,2014,162,96,66,686,5542,1403,265,27,152,517,1304.0,101.0,495,3.03,5,100
Kansas City Royals,2015,162,95,67,724,5575,1497,300,42,139,383,973.0,104.0,601,3.73,2,88
Minnesota Twins,2015,162,83,79,696,5467,1349,277,44,156,439,1264.0,70.0,653,4.07,2,86
Cleveland Indians,2015,161,81,80,669,5439,1395,303,29,141,533,1157.0,86.0,584,3.67,11,79
Chicago White Sox,2015,162,76,86,622,5533,1381,260,27,136,404,1231.0,68.0,643,3.98,7,101
Detroit Tigers,2015,161,74,87,689,5605,1515,289,49,151,455,1259.0,83.0,746,4.64,7,86
Toronto Blue Jays,2015,162,93,69,891,5509,1480,308,17,232,570,1151.0,88.0,609,3.8,7,88
New York Yankees,2015,162,87,75,764,5567,1397,272,19,212,554,1227.0,63.0,652,4.03,3,93
Baltimore Orioles,2015,162,81,81,713,5485,1370,246,20,217,418,1331.0,44.0,646,4.05,0,77
Tampa Bay Rays,2015,162,80,82,644,5485,1383,278,32,167,436,1310.0,87.0,604,3.74,1,95
Boston Red Sox,2015,162,78,84,748,5640,1495,294,33,161,478,1148.0,71.0,694,4.31,3,97
Texas Rangers,2015,162,88,74,751,5511,1419,279,32,172,503,1233.0,101.0,680,4.24,5,119
Houston Astros,2015,162,86,76,729,5459,1363,278,26,230,486,1392.0,121.0,572,3.57,5,85
Los Angeles Angels of Anaheim,2015,162,85,77,661,5417,1331,243,21,176,435,1150.0,52.0,630,3.94,2,93
Seattle Mariners,2015,162,76,86,656,5544,1379,262,22,198,478,1336.0,69.0,677,4.16,6,94
Oakland Athletics,2015,162,68,94,694,5600,1405,277,46,146,475,1119.0,78.0,664,4.14,5,126
St. Louis Cardinals,2015,162,100,62,647,5484,1386,288,39,137,506,1267.0,69.0,478,2.94,1,96
Pittsburgh Pirates,2015,162,98,64,697,5631,1462,292,27,140,461,1322.0,98.0,532,3.21,0,122
Chicago Cubs,2015,162,97,65,689,5491,1341,272,30,171,567,1518.0,95.0,546,3.36,6,111
Milwaukee Brewers,2015,162,68,94,655,5480,1378,274,34,145,412,1299.0,84.0,682,4.28,1,116
Cincinnati Reds,2015,162,64,98,640,5571,1382,257,27,167,496,1255.0,134.0,700,4.33,2,90
New York Mets,2015,162,90,72,683,5527,1351,295,17,177,488,1290.0,51.0,557,3.43,1,88
Washington Nationals,2015,162,83,79,703,5428,1363,265,13,177,539,1344.0,57.0,577,3.62,4,90
Miami Marlins,2015,162,71,91,613,5463,1420,236,40,120,375,1150.0,112.0,638,4.02,0,77
Atlanta Braves,2015,162,67,95,573,5420,1361,251,18,100,471,1107.0,69.0,698,4.41,3,90
Philadelphia Phillies,2015,162,63,99,626,5529,1374,272,37,130,387,1274.0,88.0,749,4.69,1,117
Los Angeles Dodgers,2015,162,92,70,667,5385,1346,263,26,187,563,1258.0,59.0,553,3.44,6,75
San Francisco Giants,2015,162,84,78,696,5565,1486,288,39,136,457,1159.0,93.0,597,3.72,7,78
Arizona Diamondbacks,2015,162,79,83,720,5649,1494,289,48,154,490,1312.0,132.0,659,4.04,1,86
San Diego Padres,2015,162,74,88,650,5457,1324,260,36,148,426,1327.0,82.0,655,4.09,1,92
Colorado Rockies,2015,162,68,94,737,5572,1479,274,49,186,388,1283.0,97.0,799,5.04,4,95
